,greek_id,english_word,sent_id,greek_word,alignments
0,102426909,place,1,περὶ,
1,102426910,great,1,πολλοῦ,
2,102426911,would,1,ἂν,
3,102426912,value,1,ποιησαίμην,
4,102426914,O,1,ὦ,
5,102426915,men,1,ἄνδρες,
6,102426917,my,1,τὸ,
7,102426918,judges,1,τοιούτους,
8,102426919,you,1,ὑμᾶς,
9,102426920,my,1,ἐμοὶ,
10,102426921,judges,1,δικαστὰς,
11,102426922,in,1,περὶ,
12,102426923,this,1,τούτου,
13,102426924,matter,1,τοῦ,
14,102426925,matter,1,πράγματος,
15,102426926,becoming,1,γενέσθαι,
16,102426928,who,1,οἷοίπερ,
17,102426929,were,1,ἂν,
18,102426930,you,1,ὑμῖν,
19,102426931,yourselves,1,αὐτοῖς,
20,102426932,were,1,εἴητε,
21,102426933,such,1,τοιαῦτα,
22,102426934,things,1,πεπονθότες,
23,102426929,would,1,ἂν,
24,102426932,be,1,εἴητε,
25,102426933,exactly,1,τοιαῦτα,
26,102426934,such,1,πεπονθότες,
27,102426937,For,2,γὰρ,
28,102426936,I,2,εὖ,
29,102426938,know,2,οἶδ’,
30,102426939,that,2,ὅτι,
31,102426941,if,2,εἰ,
32,102426942,you,2,τὴν,
33,102426943,held,2,αὐτὴν,
34,102426944,the,2,γνώμην,
35,102426945,same,2,περὶ,
36,102426946,opinion,2,τῶν,
37,102426947,concerning,2,ἄλλων,
38,102426948,the,2,ἔχοιτε,
39,102426949,others,2,",",
40,102426950,as,2,ἥνπερ,
41,102426951,you,2,περὶ,
42,102426952,do,2,ὑμῶν,
43,102426953,concerning,2,αὐτῶν,
44,102426954,yourselves,2,",",
45,102426955,you,2,οὐκ,
46,102426956,would,2,ἂν,
47,102426957,not,2,εἴη,
48,102426958,be,2,.,
49,102426959,Whoever,3,ὅστις,
50,102426960,not,3,οὐκ,
51,102426961,be angry,3,ἐπὶ,
52,102426962,about,3,τοῖς,
53,102426963,what,3,γεγενημένοις,
54,102426964,has happened,3,ἀγανακτοίη,
55,102426966,but,3,ἀλλὰ,
56,102426967,all,3,πάντες,
57,102426968,would,3,ἂν,
58,102426969,think,3,περὶ,
59,102426970,that,3,τῶν,
60,102426971,the,3,τὰ,
61,102426972,punishments,3,τοιαῦτα,
62,102426973,for,3,ἐπιτηδευόντων,
63,102426974,those,3,τὰς,
64,102426975,who,3,ζημίας,
65,102426976,engage,3,μικρὰς,
66,102426977,in,3,ἡγοῖσθε,
67,102426978,such,3,.,
68,102426979,practices,3,,
69,102426980,are,3,,
70,102426981,small,3,,
71,102426979,And,4,καὶ,
72,102426980,these things,4,ταῦτα,
73,102426981,not,4,οὐκ,
74,102426982,would,4,ἂν,
75,102426983,be,4,εἴη,
76,102426988,known,4,ἐγνωσμένα,
77,102426986,you,4,ὑμῖν,
78,102426987,this way,4,οὕτως,
79,102426984,alone,4,μόνον,
80,102426990,but,4,ἀλλ’,
81,102426992,whole,4,ἁπάσῃ,
82,102426994,Greece,4,Ἑλλάδι,
83,102426999,alone,5,μόνου,
84,102426998,For,5,γὰρ,
85,102427009,punishment,5,τιμωρία,
86,102426996,regarding,5,περὶ,
87,102426997,this,5,τούτου,
88,102427001,crime,5,ἀδικήματος,
89,102427017,has been granted,5,ἀποδέδοται,
90,102427011,weakest,5,ἀσθενεστάτοις,
91,102427012,against,5,πρὸς,
92,102427013,those,5,τοὺς,
93,102427016,power,5,δυναμένους,
94,102427015,most,5,μέγιστα,
95,102427002,both,5,καὶ,
96,102427003,in,5,ἐν,
97,102427004,democracy,5,δημοκρατίᾳ,
98,102427005,and,5,καὶ,
99,102427006,oligarchy,5,ὀλιγαρχίᾳ,
100,102427019,so that,5,ὥστε,
101,102427021,worst,5,χείριστον,
102,102427022,of,5,τῶν,
103,102427023,them,5,αὐτῶν,
104,102427024,happen,5,τυγχάνειν,
105,102427026,best,5,βελτίστῳ,
106,102427028,Thus,6,οὕτως,
107,102427030,men,6,ὦ,
108,102427031,men,6,ἄνδρες,
109,102427036,all,6,ἅπαντες,
110,102427037,people,6,ἄνθρωποι,
111,102427039,consider,6,ἡγοῦνται,
112,102427033,this,6,ταύτην,
113,102427034,the,6,τὴν,
114,102427035,insolence,6,ὕβριν,
115,102427038,terrible,6,δεινοτάτην,
116,102427043,Therefore,7,οὖν,
117,102427041,concerning,7,περὶ,
118,102427044,the,7,τοῦ,
119,102427045,magnitude,7,μεγέθους,
120,102427046,the,7,τῆς,
121,102427047,penalty,7,ζημίας,
122,102427050,believe,7,νομίζω,
123,102427048,all,7,ἅπαντας,
124,102427049,you,7,ὑμᾶς,
125,102427052,same,7,αὐτὴν,
126,102427053,opinion,7,διάνοιαν,
127,102427056,and,7,καὶ,
128,102427057,no,7,οὐδένα,
129,102427058,so,7,οὕτως,
130,102427059,indifferent,7,ὀλιγώρως,
131,102427060,as,7,διακεῖσθαι,
132,102427063,think,7,οἴεται,
133,102427064,ought,7,δεῖν,
134,102427066,obtain,7,τυγχάνειν,
135,102427065,forgiveness,7,συγγνώμης,
136,102427068,slight,7,μικρᾶς,
137,102427069,penalty,7,ζημίας,
138,102427067,or,7,ἢ,
139,102427071,considers,7,ἡγεῖται,
140,102427072,those,7,τοὺς,
141,102427073,responsible,7,τῶν,
142,102427076,for,7,αἰτίους,
143,102427074,such,7,τοιούτων,
144,102427075,deeds,7,ἔργων,
145,102427070,worthy,7,ἀξίους,
146,102427078,think,8,ἡγοῦμαι,
147,102427079,that,8,δέ,
148,102427081,men,8,ὦ,
149,102427082,jury,8,ἄνδρες,
150,102427084,this,8,τοῦτό,
151,102427085,I,8,με,
152,102427086,must,8,δεῖν,
153,102427087,demonstrate,8,ἐπιδεῖξαι,
154,102427089,that,8,ὡς,
155,102427090,committed,8,ἐμοίχευεν,
156,102427091,Eratosthenes,8,Ἐρατοσθένης,
157,102427090,adultery,8,ἐμοίχευεν,
158,102427092,with,8,τὴν,
159,102427093,my,8,γυναῖκα,
160,102427095,wife,8,ἐμὴν,
161,102427096,and,8,καὶ,
162,102427097,her,8,ἐκείνην,
163,102427099,destroyed,8,διέφθειρε,
164,102427106,and,8,καὶ,
165,102427105,dishonored,8,ᾔσχυνε,
166,102427101,my,8,τοὺς,
167,102427102,children,8,παῖδας,
168,102427106,and,8,καὶ,
169,102427109,insulted,8,ὕβρισεν,
170,102427107,me,8,ἐμὲ,
171,102427108,personally,8,αὐτὸν,
172,102427115,when,8,εἰσιών,
173,102427110,he,8,εἰς,
174,102427111,entered,8,τὴν,
175,102427112,my,8,οἰκίαν,
176,102427114,house,8,ἐμὴν,
177,102427117,and,8,καὶ,
178,102427124,there,8,οὐδεμία,
179,102427125,was,8,ἦν,
180,102427120,no,8,ἔχθρα,
181,102427121,hostility,8,ἐμοὶ,
182,102427122,between,8,καὶ,
183,102427121,me,8,ἐμοὶ,
184,102427122,and,8,καὶ,
185,102427123,him,8,ἐκείνῳ,
186,102427126,except,8,πλὴν,
187,102427127,this,8,ταύτης,
188,102427129,nor,8,οὔ,
189,102427133,did,8,ἔπραξα,
190,102427134,I,8,ταῦτα,
191,102427134,do,8,ταῦτα,
192,102427134,these,8,ταῦτα,
193,102427136,things,8,ἵνα,
194,102427132,for,8,ἕνεκα,
195,102427131,the,8,χρημάτων,
196,102427131,sake,8,χρημάτων,
197,102427131,of,8,χρημάτων,
198,102427131,money,8,χρημάτων,
199,102427136,in,8,ἵνα,
200,102427140,order,8,γένωμαι,
201,102427137,to,8,πλούσιος,
202,102427140,become,8,γένωμαι,
203,102427137,rich,8,πλούσιος,
204,102427138,from,8,ἐκ,
205,102427139,poor,8,πένητος,
206,102427142,nor,8,οὔ,
207,102427145,for,8,κέρδους,
208,102427144,any,8,ἄλλου,
209,102427144,other,8,ἄλλου,
210,102427145,gain,8,κέρδους,
211,102427146,none,8,οὐδενὸς,
212,102427147,except,8,πλὴν,
213,102427152,the,8,τιμωρίας,
214,102427152,punishment,8,τιμωρίας,
215,102427149,according,8,κατὰ,
216,102427149,to,8,κατὰ,
217,102427150,the,8,τοὺς,
218,102427151,laws,8,νόμους,
219,102427154,I,9,ἐγὼ,
220,102427155,therefore,9,τοίνυν,
221,102427156,from,9,ἐξ,
222,102427157,the,9,ἀρχῆς,
223,102427158,you,9,ὑμῖν,
224,102427159,all,9,ἅπαντα,
225,102427160,show,9,ἐπιδείξω,
226,102427161,my,9,τὰ,
227,102427162,my,9,ἐμαυτοῦ,
228,102427163,affairs,9,πράγματα,
229,102427165,nothing,9,οὐδὲν,
230,102427166,omitting,9,παραλείπων,
231,102427168,but,9,ἀλλὰ,
232,102427169,speaking,9,λέγων,
233,102427170,these,9,τα-,
234,102427171,things,9,τἀληθῆ,
235,102427173,this,10,ταύτην,
236,102427174,For,10,γὰρ,
237,102427175,my,10,ἐμαυτῷ,
238,102427176,only,10,μόνην,
239,102427177,consider,10,ἡγοῦμαι,
240,102427178,salvation,10,σωτηρίαν,
241,102427180,if,10,ἐὰν,
242,102427181,you,10,ὑμῖν,
243,102427182,tell,10,εἰπεῖν,
244,102427183,everything,10,ἅπαντα,
245,102427184,able,10,δυνηθῶ,
246,102427185,that,10,τὰ,
247,102427186,been,10,πεπραγμένα,
248,102427188,I,11,ἐγὼ,
249,102427189,For,11,γάρ,
250,102427191,O,11,ὦ,
251,102427192,Athenians,11,Ἀθηναῖοι,
252,102427194,since,11,ἐπειδὴ,
253,102427195,seemed,11,ἔδοξέ,
254,102427196,me,11,μοι,
255,102427197,to marry,11,γῆμαι,
256,102427198,and,11,καὶ,
257,102427200,I brought,11,ἠγαγόμην,
258,102427199,a wife,11,γυναῖκα,
259,102427201,into,11,εἰς,
260,102427202,my,11,τὴν,
261,102427203,house,11,οἰκίαν,
262,102427210,I conducted myself,11,διεκείμην,
263,102427206,during,11,μὲν,
264,102427205,the,11,τὸν,
265,102427207,rest,11,ἄλλον,
266,102427208,of the time,11,χρόνον,
267,102427209,in such a way,11,οὕτω,
268,102427211,that,11,ὥστε,
269,102427212,I neither,11,μή,
270,102427213,nor,11,-τε,
271,102427214,annoyed,11,λυπεῖν,
272,102427215,nor,11,μή,
273,102427216,was,11,-τε,
274,102427217,excessively,11,λίαν,
275,102427218,present,11,ἐπ’,
276,102427219,with her,11,ἐκείνῃ,
277,102427220,in,11,εἶναι,
278,102427221,whatever,11,ὅ,
279,102427222,she,11,τι,
280,102427223,wished,11,ἂν,
281,102427224,to do,11,ἐθέλῃ,
282,102427225,to do,11,ποιεῖν,
283,102427227,I kept watch,11,ἐφύλαττόν,
284,102427228,as well,11,τε,
285,102427229,as,11,ὡς,
286,102427230,possible,11,οἷόν,
287,102427231,and,11,τε,
288,102427232,was,11,ἦν,
289,102427234,and,11,καὶ,
290,102427235,I paid attention,11,προσεῖχον,
291,102427236,just,11,τὸν,
292,102427237,as,11,νοῦν,
293,102427238,was,11,ὥσπερ,
294,102427239,fitting,11,εἰκὸς,
295,102427240,was,11,ἦν,
296,102427242,when,12,ἐπειδὴ,
297,102427243,But,12,δέ,
298,102427244,to me,12,μοι,
299,102427245,child,12,παιδίον,
300,102427246,was born,12,γίγνεται,
301,102427248,trusted,12,ἐπίστευον,
302,102427249,already,12,ἤδη,
303,102427250,and,12,καὶ,
304,102427251,everything,12,πάντα,
305,102427252,of,12,τὰ,
306,102427253,mine,12,ἐμαυτοῦ,
307,102427254,her,12,ἐκείνῃ,
308,102427255,handed over,12,παρέδωκα,
309,102427257,considering,12,ἡγούμενος,
310,102427258,this,12,ταύτην,
311,102427259,intimacy,12,οἰκειότητα,
312,102427260,greatest,12,μεγίστην,
313,102427261,to be,12,εἶναι,
314,102427263,in,13,ἐν,
315,102427264,Therefore,13,μὲν,
316,102427265,Therefore,13,οὖν,
317,102427266,the,13,τῷ,
318,102427267,first,13,πρώτῳ,
319,102427268,period,13,χρόνῳ,
320,102427270,Athenians,13,ὦ,
321,102427271,Athenians,13,Ἀθηναῖοι,
322,102427273,of all,13,πασῶν,
323,102427274,was,13,ἦν,
324,102427275,best,13,βελτίστη,
325,102427277,For,14,καὶ,
326,102427278,she,14,γὰρ,
327,102427279,steward,14,οἰκονόμος,
328,102427280,capable,14,δεινὴ,
329,102427281,",",14,καὶ,
330,102427282,thrifty,14,φειδωλὸς,
331,102427283,good,14,ἀγαθὴ,
332,102427284,and,14,καὶ,
333,102427285,with,14,ἀκριβῶς,
334,102427286,precision,14,πάντα,
335,102427287,manages,14,διοικοῦσα,
336,102427286,everything,14,πάντα,
337,102427289,when,15,ἐπειδὴ,
338,102427290,And,15,δέ,
339,102427291,my,15,μοι,
340,102427292,mother,15,ἡ,
341,102427293,mother,15,μήτηρ,
342,102427294,died,15,ἐτελεύτησε,
343,102427296,all,15,πάντων,
344,102427297,of,15,τῶν,
345,102427298,troubles,15,κακῶν,
346,102427299,passed away,15,ἀποθανοῦσα,
347,102427300,cause,15,αἰτία,
348,102427301,my,15,μοι,
349,102427302,became,15,γεγένηται,
350,102427304,For,16,ἐπ’,
351,102427306,when,16,γὰρ,
352,102427310,my,16,ἐμὴ,
353,102427311,wife,16,γυνὴ,
354,102427308,followed,16,ἀκολουθήσασα,
355,102427307,her,16,αὐτῇ,
356,102427305,to the funeral,16,ἐκφορὰν,
357,102427307,she,16,αὐτῇ,
358,102427316,was seen,16,ὀφθεῖσα,
359,102427313,this,16,τούτου,
360,102427315,man,16,ἀνθρώπου,
361,102427318,by time,16,χρόνῳ,
362,102427319,was corrupted,16,διαφθείρεται,
363,102427322,For,17,γὰρ,
364,102427321,while,17,ἐπιτηρῶν,
365,102427323,the,17,τὴν,
366,102427324,servant,17,θεράπαιναν,
367,102427329,walking,17,βαδίζουσαν,
368,102427325,girl,17,τὴν,
369,102427326,toward,17,εἰς,
370,102427327,the,17,τὴν,
371,102427328,marketplace,17,ἀγορὰν,
372,102427330,and,17,καὶ,
373,102427332,offering,17,προσφέρων,
374,102427331,her,17,λόγους,
375,102427333,destroyed,17,ἀπώλεσεν,
376,102427334,her,17,αὐτήν,
377,102427336,First,18,πρῶτον,
378,102427337,then,18,μὲν,
379,102427338,then,18,οὖν,
380,102427340,gentlemen,18,ὦ,
381,102427341,gentlemen,18,ἄνδρες,
382,102427344,must,18,δεῖ,
383,102427345,relate,18,γὰρ,
384,102427346,also,18,καὶ,
385,102427347,this,18,ταῦθ’,
386,102427348,you,18,ὑμῖν,
387,102427349,relate,18,διηγήσασθαι,
388,102427351,house,18,οἰκίδιον,
389,102427352,have,18,ἔστι,
390,102427353,have,18,μοι,
391,102427354,double,18,διπλοῦν,
392,102427356,equal,18,ἴσα,
393,102427357,having,18,ἔχον,
394,102427358,part,18,τὰ,
395,102427359,upper,18,ἄνω,
396,102427360,part,18,τοῖς,
397,102427361,lower,18,κάτω,
398,102427362,in accordance with,18,κατὰ,
399,102427363,quarters,18,τὴν,
400,102427364,quarters,18,γυναικωνῖτιν,
401,102427365,and,18,καὶ,
402,102427366,in accordance with,18,κατὰ,
403,102427367,quarters,18,τὴν,
404,102427368,quarters,18,ἀνδρωνῖτιν,
405,102427370,when,19,ἐπειδὴ,
406,102427371,And,19,δὲ,
407,102427372,the,19,τὸ,
408,102427373,child,19,παιδίον,
409,102427374,born,19,ἐγένετο,
410,102427375,to us,19,ἡμῖν,
411,102427377,his,19,ἡ,
412,102427378,mother,19,μήτηρ,
413,102427379,him,19,αὐτὸ,
414,102427380,breastfed,19,ἐθήλαζεν,
415,102427382,So,20,ἵνα,
416,102427383,that,20,δὲ,
417,102427386,whenever,20,ὁπότε,
418,102427388,it,20,δέοι,
419,102427387,was,20,λοῦσθαι,
420,102427388,necessary,20,δέοι,
421,102427387,to,20,λοῦσθαι,
422,102427387,bathe,20,λοῦσθαι,
423,102427384,not,20,μή,
424,102427390,run,20,κινδυνεύῃ,
425,102427390,the,20,κινδυνεύῃ,
426,102427390,risk,20,κινδυνεύῃ,
427,102427391,of,20,κατὰ,
428,102427391,falling,20,κατὰ,
429,102427391,down,20,κατὰ,
430,102427392,the,20,τῆς,
431,102427393,ladder,20,κλίμακος,
432,102427394,while,20,καταβαίνουσα,
433,102427394,descending,20,καταβαίνουσα,
434,102427396,I,20,ἐγὼ,
435,102427399,used,20,διῃτώμην,
436,102427399,to,20,διῃτώμην,
437,102427399,stay,20,διῃτώμην,
438,102427398,upstairs,20,ἄνω,
439,102427403,while,20,γυναῖκες,
440,102427403,the,20,γυναῖκες,
441,102427403,women,20,γυναῖκες,
442,102427403,stayed,20,γυναῖκες,
443,102427404,downstairs,20,κάτω,
444,102427406,And,21,καὶ,
445,102427407,thus,21,οὕτως,
446,102427408,already,21,ἤδη,
447,102427409,accustomed,21,συνειθισμένον,
448,102427410,was,21,ἦν,
449,102427412,that,21,ὥστε,
450,102427413,often,21,πολλάκις,
451,102427414,she,21,ἡ,
452,102427415,she,21,γυνὴ,
453,102427416,went,21,ἀπῄει,
454,102427417,downstairs,21,κάτω,
455,102427418,to sleep,21,καθευδήσουσα,
456,102427419,as if,21,ὡς,
457,102427420,the,21,τὸ,
458,102427421,child,21,παιδίον,
459,102427423,so that,21,ἵνα,
460,102427424,she,21,τὸν,
461,102427425,her breast,21,τιτθὸν,
462,102427426,him,21,αὐτῷ,
463,102427427,give,21,διδῷ,
464,102427428,and,21,καὶ,
465,102427429,not,21,μὴ,
466,102427430,cry out,21,βοᾷ,
467,102427432,And,22,καὶ,
468,102427433,this,22,ταῦτα,
469,102427434,long,22,πολὺν,
470,102427435,time,22,χρόνον,
471,102427436,way,22,οὕτως,
472,102427437,went on,22,ἐγίγνετο,
473,102427439,and,22,καὶ,
474,102427440,I,22,ἐγὼ,
475,102427441,never,22,οὐδέποτε,
476,102427442,suspected,22,ὑπώπτευσα,
477,102427444,rather,22,ἀλλ’,
478,102427445,so,22,οὕτως,
479,102427446,foolish,22,ἠλιθίως,
480,102427447,was,22,διεκείμην,
481,102427449,that,22,ὥστε,
482,102427450,thought,22,ᾤμην,
483,102427451,my,22,τὴν,
484,102427452,wife,22,ἐμαυτοῦ,
485,102427455,most self-controlled,22,σωφρονεστάτην,
486,102427456,was,22,εἶναι,
487,102427454,of all,22,πασῶν,
488,102427457,the,22,τῶν,
489,102427458,women,22,ἐν,
490,102427459,in,22,τῇ,
491,102427460,city,22,πόλει,
492,102427496,For,24,γὰρ,
493,102427495,the,24,ὁ,
494,102427497,man,24,ἄνθρωπος,
495,102427499,was,24,ἦν,
496,102427498,inside,24,ἔνδον,
497,102427502,For,25,γὰρ,
498,102427501,later,25,ὕστερον,
499,102427504,I learned,25,ἐπυθόμην,
500,102427503,everything,25,ἅπαντα,
501,102427506,And,26,καὶ,
502,102427507,I,26,ἐγὼ,
503,102427511,ordered,26,ἐκέλευον,
504,102427508,her,26,τὴν,
505,102427509,to,26,γυναῖκα,
506,102427510,leave,26,ἀπιέναι,
507,102427512,and,26,καὶ,
508,102427513,to,26,δοῦναι,
509,102427514,the,26,τῷ,
510,102427515,child,26,παιδίῳ,
511,102427516,the,26,τὸν,
512,102427517,breast,26,τιτθόν,
513,102427519,so,26,ἵνα,
514,102427520,that,26,παύσηται,
515,102427520,might,26,παύσηται,
516,102427521,stop,26,κλᾶον,
517,102427521,crying,26,κλᾶον,
518,102427524,But,27,δὲ,
519,102427525,at,27,τὸ,
520,102427526,first,27,μὲν,
521,102427523,she,27,ἡ,
522,102427527,first,27,πρῶτον,
523,102427528,not,27,οὐκ,
524,102427529,wish,27,ἤθελεν,
525,102427531,as,27,ὡς,
526,102427532,would,27,ἂν,
527,102427533,glad,27,ἀσμένη,
528,102427534,me,27,με,
529,102427535,see,27,ἑωρακυῖα,
530,102427536,come,27,ἥκοντα,
531,102427537,after,27,διὰ,
532,102427538,time,27,χρόνου,
533,102427540,since,28,ἐπειδὴ,
534,102427541,But,28,δὲ,
535,102427542,I,28,ἐγὼ,
536,102427543,was angry,28,ὠργιζόμην,
537,102427544,and,28,καὶ,
538,102427545,ordered,28,ἐκέλευον,
539,102427546,her,28,αὐτὴν,
540,102427547,leave,28,ἀπιέναι,
541,102427550,that,28,ἵνα,
542,102427551,you,28,σύ,
543,102427554,said,28,ἔφη,
544,102427556,try,28,πειρᾷς,
545,102427557,here,28,ἐνταῦθα,
546,102427558,the,28,τὴν,
547,102427559,girl,28,παιδίσκην,
548,102427561,And,29,καὶ,
549,102427562,earlier,29,πρότερον,
550,102427563,even,29,δὲ,
551,102427564,while,29,μεθύων,
552,102427565,dragged,29,εἷλκες,
553,102427566,her,29,αὐτήν,
554,102427569,And,30,κα-,
555,102427570,as for me,30,κἀγὼ,
556,102427571,I,30,μὲν,
557,102427572,was laughing,30,ἐγέλων,
558,102427574,she,30,ἐκείνη,
559,102427575,but,30,δὲ,
560,102427576,rising,30,ἀναστᾶσα,
561,102427577,and,30,καὶ,
562,102427578,walking,30,ἀπιοῦσα,
563,102427579,put,30,προστίθησι,
564,102427580,her,30,τὴν,
565,102427581,hand,30,θύραν,
566,102427583,pretending,30,προσποιουμένη,
567,102427584,to play,30,παίζειν,
568,102427586,and,30,καὶ,
569,102427588,the,30,κλεῖν,
570,102427589,pulled,30,ἐφέλκεται,
571,102427590,key,30,.,
572,102427591,And,31,κα-,
573,102427592,I,31,κἀγὼ,
574,102427593,of these things,31,τούτων,
575,102427594,nothing,31,οὐδὲν,
576,102427595,having thought,31,ἐνθυμούμενος,
577,102427596,nor,31,οὐ,
578,102427597,nor,31,-δ’,
579,102427598,suspecting,31,ὑπονοῶν,
580,102427599,went to bed,31,ἐκάθευδον,
581,102427600,happy,31,ἄσμενος,
582,102427602,having come,31,ἥκων,
583,102427603,from,31,ἐξ,
584,102427604,the field,31,ἀγροῦ,
585,102427607,But,32,δὲ,
586,102427606,when,32,ἐπειδὴ,
587,102427608,was,32,ἦν,
588,102427610,day,32,ἡμέραν,
589,102427612,came,32,ἧκεν,
590,102427613,she,32,ἐκείνη,
591,102427614,and,32,καὶ,
592,102427615,the,32,τὴν,
593,102427616,door,32,θύραν,
594,102427617,opened,32,ἀνέῳξεν,
595,102427619,asked,33,ἐρομένου,
596,102427620,but,33,δέ,
597,102427621,I,33,μου,
598,102427622,what,33,τί,
599,102427623,the,33,αἱ,
600,102427624,doors,33,θύραι,
601,102427625,at night,33,νύκτωρ,
602,102427626,were making noise,33,ψοφοῖεν,
603,102427628,said,33,ἔφασκε,
604,102427629,the,33,τὸν,
605,102427630,lamp,33,λύχνον,
606,102427631,extinguished,33,ἀποσβεσθῆναι,
607,102427633,beside,33,παρὰ,
608,102427635,child,33,παιδίῳ,
609,102427637,then,33,εἶτα,
610,102427638,light,33,ἐκ,
611,102427639,from,33,τῶν,
612,102427640,neighbors,33,γειτόνων,
613,102427643,was silent,34,ἐσιώπων,
614,102427644,I,34,ἐγὼ,
615,102427645,and,34,καὶ,
616,102427644,I,34,ἐγὼ,
617,102427649,held the opinion,34,ἡγούμην,
618,102427646,that these things,34,ταῦτα,
619,102427647,were so,34,οὕτως,
620,102427648,were,34,ἔχειν,
621,102427651,seemed,35,ἔδοξε,
622,102427652,good,35,δέ,
623,102427653,to me,35,μοι,
624,102427655,O,35,ὦ,
625,102427656,men,35,ἄνδρες,
626,102427658,a,35,τὸ,
627,102427659,mask,35,πρόσωπον,
628,102427660,put on,35,ἐψιμυθιῶσθαι,
629,102427662,my,35,τοῦ,
630,102427663,brother,35,ἀδελφοῦ,
631,102427664,died,35,τεθνεῶτος,
632,102427665,not yet,35,οὔπω,
633,102427666,thirty,35,τριάκονθ’,
634,102427667,days,35,ἡμέρας,
635,102427669,However,36,ὅμως,
636,102427670,not,36,δ’,
637,102427671,not,36,οὐ,
638,102427672,at all,36,-δ’,
639,102427673,anything,36,οὕτως,
640,102427674,anything,36,οὐδὲν,
641,102427675,having said,36,εἰπὼν,
642,102427676,about,36,περὶ,
643,102427677,the,36,τοῦ,
644,102427678,matter,36,πράγματος,
645,102427679,went,36,ἐξελθὼν,
646,102427680,went,36,ᾠχόμην,
647,102427681,outside,36,ἔξω,
648,102427682,silence,36,σιωπῇ,
649,102427684,After,37,μετὰ,
650,102427685,things,37,δὲ,
651,102427686,these,37,ταῦτα,
652,102427688,men,37,ὦ,
653,102427691,time,37,χρόνου,
654,102427692,with,37,μεταξὺ,
655,102427693,having passed,37,διαγενομένου,
656,102427695,I,37,ἐμοῦ,
657,102427696,far,37,πολὺ,
658,102427697,left,37,ἀπολελειμμένου,
659,102427698,in,37,τῶν,
660,102427699,my,37,ἐμαυτοῦ,
661,102427700,troubles,37,κακῶν,
662,102427702,approached,37,προσέρχεταί,
663,102427703,me,37,μοί,
664,102427704,an,37,τις,
665,102427705,old,37,πρεσβῦτις,
666,102427706,woman,37,ἄνθρωπος,
667,102427709,woman,37,γυναικὸς,
668,102427710,sent,37,ὑποπεμφθεῖσα,
669,102427711,who,37,ἣν,
670,102427712,he,37,ἐκεῖνος,
671,102427713,was committing adultery with,37,ἐμοίχευεν,
672,102427715,as,37,ὡς,
673,102427716,I,37,ἐγὼ,
674,102427717,later,37,ὕστερον,
675,102427718,heard,37,ἤκουον,
676,102427720,She,38,αὕτη,
677,102427722,being,38,ὀργιζομένη,
678,102427724,wronged,38,ἀδικεῖσθαι,
679,102427725,believing,38,νομίζουσα,
680,102427727,because,38,ὅτι,
681,102427728,no,38,οὐκέτι,
682,102427729,same,38,ὁμοίως,
683,102427730,visited,38,ἐφοίτα,
684,102427732,her,38,αὐτήν,
685,102427734,kept,38,ἐφύλαττεν,
686,102427735,until,38,ἕως,
687,102427736,discovered,38,ἐξηῦρεν,
688,102427737,what,38,ὅ,
689,102427741,cause,38,αἴτιον,
690,102427739,was,38,εἴη,
691,102427744,So,39,οὖν,
692,102427743,approaching,39,προσελθοῦσα,
693,102427745,me,39,μοι,
694,102427746,closely,39,ἐγγὺς,
695,102427747,a,39,ἡ,
696,102427748,woman,39,ἄνθρωπος,
697,102427749,who,39,τῆς,
698,102427750,was guarding,39,οἰκίας,
699,102427751,my,39,τῆς,
700,102427752,house,39,ἐμῆς,
701,102427758,said,39,ἔφη,
702,102427756,dear,39,εὐφίλητε,
703,102427756,woman,39,εὐφίλητε,
704,102427764,suppose,39,νόμιζε,
705,102427760,not,39,μηδεμιᾷ,
706,102427760,any,39,μηδεμιᾷ,
707,102427761,curiosity,39,πολυπραγμοσύνῃ,
708,102427762,came,39,προσεληλυθέναι,
709,102427765,to,39,πρὸς,
710,102427766,you,39,σέ,
711,102427771,For,40,γὰρ,
712,102427770,the,40,ὁ,
713,102427772,man,40,ἀνὴρ,
714,102427773,who,40,ὁ,
715,102427774,acting,40,ὑβρίζων,
716,102427775,outrageously,40,εἰς,
717,102427776,toward,40,σὲ,
718,102427777,and,40,καὶ,
719,102427778,your,40,τὴν,
720,102427779,wife,40,σὴν,
721,102427781,enemy,40,ἐχθρὸς,
722,102427782,was,40,ὢν,
723,102427783,our,40,ἡμῖν,
724,102427784,turns out to be,40,τυγχάνει,
725,102427786,If,41,ἐὰν,
726,102427787,then,41,οὖν,
727,102427788,catch,41,λάβῃς,
728,102427789,the,41,τὴν,
729,102427790,servant,41,θεράπαιναν,
730,102427791,girl,41,τὴν,
731,102427794,walking,41,βαδίζουσαν,
732,102427792,to,41,εἰς,
733,102427793,the,41,ἀγορὰν,
734,102427793,marketplace,41,ἀγορὰν,
735,102427795,and,41,καὶ,
736,102427796,serving,41,διακονοῦσαν,
737,102427797,you,41,ὑμῖν,
738,102427798,and,41,καὶ,
739,102427799,torture,41,βασανίσῃς,
740,102427801,everything,41,ἅπαντα,
741,102427802,you,41,πεύσῃ,
742,102427802,will learn,41,πεύσῃ,
743,102427807,said,42,ἔφη,
744,102427809,Eratosthenes,42,Ἐρατοσθένης,
745,102427810,of,42,Ὀῆθεν,
746,102427811,He,42,ὁ,
747,102427812,these,42,ταῦτα,
748,102427813,things,42,πράττων,
749,102427815,who,42,ὃς,
750,102427816,not,42,οὐ,
751,102427817,only,42,μόνον,
752,102427818,your,42,τὴν,
753,102427819,wife,42,σὴν,
754,102427821,corrupted,42,διέφθαρκεν,
755,102427822,but,42,ἀλλὰ,
756,102427823,also,42,καὶ,
757,102427824,many,42,ἄλλας,
758,102427825,others,42,πολλάς,
759,102427828,For,43,γὰρ,
760,102427827,she,43,ταύτην,
761,102427831,possesses,43,ἔχει,
762,102427829,this,43,τὴν,
763,102427830,art,43,τέχνην,
764,102427835,Having,44,εἰποῦσα,
765,102427834,said,44,ταῦτα,
766,102427837,this,44,ὦ,
767,102427840,she,44,ἐκείνη,
768,102427842,departed,44,ἀπηλλάγη,
769,102427845,but,44,δ’,
770,102427844,I,44,ἐγὼ,
771,102427846,immediately,44,εὐθέως,
772,102427847,thrown,44,ἐταραττόμην,
773,102427850,into,44,πάντα,
774,102427852,confusion,44,εἰς,
775,102427849,and,44,καὶ,
776,102427850,everything,44,πάντα,
777,102427855,led,44,εἰσῄει,
778,102427851,me,44,μου,
779,102427852,to,44,εἰς,
780,102427854,my,44,γνώμην,
781,102427854,conclusion,44,γνώμην,
782,102427858,I,44,μεστὸς,
783,102427859,was,44,ἦ,
784,102427860,full,44,ὑποψίας,
785,102427860,of,44,ὑποψίας,
786,102427862,suspicion,44,ἐνθυμούμενος,
787,102427862,reflecting,44,ἐνθυμούμενος,
788,102427863,both,44,μὲν,
789,102427864,that,44,ὡς,
790,102427865,I,44,ἀπεκλῄσθην,
791,102427865,had,44,ἀπεκλῄσθην,
792,102427866,been,44,ἐν,
793,102427867,locked,44,τῷ,
794,102427867,in,44,τῷ,
795,102427868,the,44,δωματίῳ,
796,102427868,room,44,δωματίῳ,
797,102427870,and,44,ἀναμιμνῃσκόμενος,
798,102427870,remembering,44,ἀναμιμνῃσκόμενος,
799,102427872,that,44,ὅτι,
800,102427873,on,44,ἐν,
801,102427874,that,44,ἐκείνῃ,
802,102427876,night,44,νυκτὶ,
803,102427877,both,44,ἐψόφει,
804,102427879,the,44,μέταυλος,
805,102427879,inner,44,μέταυλος,
806,102427880,door,44,θύρα,
807,102427881,and,44,καὶ,
808,102427883,the,44,αὔλειος,
809,102427883,courtyard,44,αὔλειος,
810,102427880,door,44,θύρα,
811,102427877,had,44,ἐψόφει,
812,102427877,made,44,ἐψόφει,
813,102427877,a,44,ἐψόφει,
814,102427877,noise,44,ἐψόφει,
815,102427885,a,44,ὃ,
816,102427885,thing,44,ὃ,
817,102427886,that,44,οὐδέποτε,
818,102427886,never,44,οὐδέποτε,
819,102427887,happened,44,ἐγένετο,
820,102427889,and,44,ἔδοξέ,
821,102427889,it,44,ἔδοξέ,
822,102427889,seemed,44,ἔδοξέ,
823,102427891,to,44,μοι,
824,102427891,me,44,μοι,
825,102427893,that,44,γυνὴ,
826,102427893,the,44,γυνὴ,
827,102427893,woman,44,γυνὴ,
828,102427894,had,44,ἐψιμυθιῶσθαι,
829,102427894,lied,44,ἐψιμυθιῶσθαι,
830,102427898,All,45,πάντα,
831,102427896,these,45,ταῦτά,
832,102427899,entered,45,εἰς,
833,102427900,mind,45,τὴν,
834,102427901,mind,45,γνώμην,
835,102427897,my,45,μου,
836,102427904,and,45,καὶ,
837,102427905,full,45,μεστὸς,
838,102427906,am,45,ἦ,
839,102427907,suspicion,45,ὑποψίας,
840,102427909,Having,46,ἐλθὼν,
841,102427911,home,46,οἴκαδε,
842,102427910,",",46,δὲ,
843,102427912,I,46,ἐκέλευον,
844,102427912,ordered,46,ἐκέλευον,
845,102427915,the,46,τὴν,
846,102427916,slave,46,θεράπαιναν,
847,102427916,girl,46,θεράπαιναν,
848,102427913,to,46,ἀκολουθεῖν,
849,102427913,follow,46,ἀκολουθεῖν,
850,102427914,me,46,μοι,
851,102427917,into,46,εἰς,
852,102427918,the,46,τὴν,
853,102427919,marketplace,46,ἀγοράν,
854,102427921,leading,46,ἀγαγὼν,
855,102427923,her,46,αὐτὴν,
856,102427922,;,46,δ’,
857,102427928,I,46,ἔλεγον,
858,102427928,said,46,ἔλεγον,
859,102427929,that,46,ὅτι,
860,102427923,she,46,αὐτὴν,
861,102427932,was,46,εἴην,
862,102427927,one,46,τινὰ,
863,102427924,of,46,ὡς,
864,102427925,my,46,τῶν,
865,102427926,acquaintances,46,ἐπιτηδείων,
866,102427933,claiming,46,πεπυσμένος,
867,102427929,that,46,ὅτι,
868,102427930,I,46,ἐγὼ,
869,102427931,knew,46,πάντα,
870,102427931,everything,46,πάντα,
871,102427925,about,46,τῶν,
872,102427935,what,46,γιγνόμενα,
873,102427935,was,46,γιγνόμενα,
874,102427935,happening,46,γιγνόμενα,
875,102427936,in,46,ἐν,
876,102427937,the,46,τῇ,
877,102427938,house,46,οἰκίᾳ,
878,102427941,you,47,σοὶ,
879,102427942,So,47,οὖν,
880,102427944,said,47,ἔφην,
881,102427946,possible,47,ἔξεστι,
882,102427947,two,47,δυοῖν,
883,102427948,one,47,ὁπότερον,
884,102427949,choose,47,βούλει,
885,102427953,whipped,47,μαστιγωθεῖσαν,
886,102427954,until,47,εἰς,
887,102427955,mill,47,μύλωνα,
888,102427956,fall,47,ἐμπεσεῖν,
889,102427958,never,47,μηδέποτε,
890,102427959,cease,47,παύσασθαι,
891,102427960,held,47,κακοῖς,
892,102427961,such,47,τοιούτοις,
893,102427962,fast,47,συνεχομένην,
894,102427965,confess,47,κατειποῦσαν,
895,102427966,all,47,ἅπαντα,
896,102427967,these,47,τα-,
897,102427968,truths,47,τἀληθῆ,
898,102427969,no,47,μηδὲν,
899,102427970,suffer,47,παθεῖν,
900,102427971,harm,47,κακόν,
901,102427973,rather,47,ἀλλὰ,
902,102427974,forgiveness,47,συγγνώμης,
903,102427975,from,47,παρ’,
904,102427976,me,47,ἐμοῦ,
905,102427977,obtain,47,τυχεῖν,
906,102427978,your,47,τῶν,
907,102427979,errors,47,ἡμαρτημένων,
908,102427981,lie,48,ψεύσῃ,
909,102427982,but,48,δὲ,
910,102427983,anything,48,μηδέν,
911,102427985,but,48,ἀλλὰ,
912,102427986,all,48,πάντα,
913,102427987,these,48,τα-,
914,102427988,truthfully,48,τἀληθῆ,
915,102427989,tell,48,λέγε,
916,102427992,And,49,κα-,
917,102427993,she,49,κἀκείνη,
918,102427994,at,49,τὸ,
919,102427995,first,49,μὲν,
920,102427996,denied,49,πρῶτον,
921,102427997,everything,49,ἔξαρνος,
922,102427998,everything,49,ἦν,
923,102428000,and,49,καὶ,
924,102428001,to,49,ποιεῖν,
925,102428002,commanded,49,ἐκέλευεν,
926,102428003,whatever,49,ὅ,
927,102428004,whatever,49,τι,
928,102428005,wished,49,βούλομαι,
929,102428008,For,50,γὰρ,
930,102428009,knew,50,εἰδέναι,
931,102428007,nothing,50,οὐδὲν,
932,102428012,And,51,δὲ,
933,102428011,when,51,ἐπειδὴ,
934,102428013,I,51,ἐγὼ,
935,102428014,reminded,51,ἐμνήσθην,
936,102428017,her,51,αὐτήν,
937,102428015,of,51,Ἐρατοσθένους,
938,102428016,Eratosthenes,51,πρὸς,
939,102428019,and,51,καὶ,
940,102428020,said,51,εἶπον,
941,102428021,that,51,ὅτι,
942,102428022,this,51,οὗτος,
943,102428023,man,51,ὁ,
944,102428024,was,51,φοιτῶν,
945,102428025,visiting,51,εἴη,
946,102428026,his,51,πρὸς,
947,102428027,wife,51,τὴν,
948,102428030,she,51,ἐξεπλάγη,
949,102428030,was,51,ἐξεπλάγη,
950,102428030,astonished,51,ἐξεπλάγη,
951,102428031,having,51,ἡγησαμένη,
952,102428031,thought,51,ἡγησαμένη,
953,102428032,that,51,με,
954,102428013,I,51,ἐγὼ,
955,102428035,knew,51,ἐγνωκέναι,
956,102428033,everything,51,πάντα,
957,102428034,with,51,ἀκριβῶς,
958,102428034,exactness,51,ἀκριβῶς,
959,102428037,And,52,καὶ,
960,102428038,then,52,τότε,
961,102428039,even,52,ἤδη,
962,102428044,having fallen,52,πεσοῦσα,
963,102428040,at,52,πρὸς,
964,102428041,,52,τὰ,
965,102428042,knees,52,γόνατά,
966,102428043,my,52,μου,
967,102428050,having obtained,52,λαβοῦσα,
968,102428047,assurance,52,πίστιν,
969,102428048,from,52,παρ’,
970,102428049,me,52,ἐμοῦ,
971,102428051,no,52,μηδὲν,
972,102428052,suffer,52,πείσεσθαι,
973,102428053,harm,52,κακόν,
974,102428055,accused,52,κατηγόρει,
975,102428056,first,52,πρῶτον,
976,102428057,,52,μὲν,
977,102428058,that,52,ὡς,
978,102428059,after,52,μετὰ,
979,102428060,,52,τὴν,
980,102428061,funeral,52,ἐκφορὰν,
981,102428062,,52,αὐτῇ,
982,102428063,approached,52,προσίοι,
983,102428065,second,52,ἔπειτα,
984,102428066,that,52,ὡς,
985,102428067,,52,αὐτὴ,
986,102428068,dying,52,τελευτῶσα,
987,102428069,made a report,52,εἰσαγγείλειε,
988,102428070,and,52,καὶ,
989,102428071,that,52,ὡς,
990,102428072,she,52,ἐκείνη,
991,102428075,persuaded,52,πεισθείη,
992,102428080,by him,52,οἷς,
993,102428074,at that time,52,χρόνῳ,
994,102428077,and,52,καὶ,
995,102428078,,52,τὰς,
996,102428079,manner,52,εἰσόδους,
997,102428081,in which,52,τρόποις,
998,102428082,approached,52,προσίοιτο,
999,102428084,and,52,καὶ,
1000,102428085,that,52,ὡς,
1001,102428091,departed,52,ᾤχετο,
1002,102428087,while,52,ἐμοῦ,
1003,102428089,countryside,52,ἀγρῷ,
1004,102428090,was,52,ὄντος,
1005,102428086,during the Thesmophoria,52,Θεσμοφορίοις,
1006,102428092,to,52,εἰς,
1007,102428093,,52,τὸ,
1008,102428094,sanctuary,52,ἱερὸν,
1009,102428095,with,52,μετὰ,
1010,102428097,mother,52,μητρὸς,
1011,102428096,,52,τῆς,
1012,102428098,,52,τῆς,
1013,102428099,his,52,ἐκείνου,
1014,102428101,And,53,καὶ,
1015,102428102,the,53,τα-,
1016,102428103,other,53,τἆλλα,
1017,102428104,the,53,τὰ,
1018,102428105,things,53,γενόμενα,
1019,102428106,all,53,πάντα,
1020,102428107,with exactness,53,ἀκριβῶς,
1021,102428108,narrated,53,διηγήσατο,
1022,102428110,Since,54,ἐπειδὴ,
1023,102428111,So,54,δὲ,
1024,102428112,everything,54,πάντα,
1025,102428113,had been said,54,εἴρητο,
1026,102428114,to her,54,αὐτῇ,
1027,102428116,said,54,εἶπον,
1028,102428117,I,54,ἐγώ,
1029,102428120,that,54,ὅπως,
1030,102428121,So,54,τοίνυν,
1031,102428123,no one,54,μηδεὶς,
1032,102428124,of men,54,ἀνθρώπων,
1033,102428125,may learn,54,πεύσεται,
1034,102428122,these things,54,ταῦτα,
1035,102428128,But,55,δέ,
1036,102428127,if,55,εἰ,
1037,102428129,not,55,μή,
1038,102428131,nothing,55,οὐδέν,
1039,102428135,of,55,τῶν,
1040,102428136,what,55,πρὸς,
1041,102428138,agreed,55,ὡμολογημένων,
1042,102428137,upon,55,ἔμ’,
1043,102428133,binding,55,κύριον,
1044,102428134,will be,55,ἔσται,
1045,102428132,for,55,σοι,
1046,102428132,you,55,σοι,
1047,102428140,demand,56,ἀξιῶ,
1048,102428141,Therefore,56,δέ,
1049,102428142,you,56,σε,
1050,102428143,caught,56,ἐπ’,
1051,102428144,in,56,αὐτοφώρῳ,
1052,102428145,deeds,56,ταῦτά,
1053,102428146,me,56,μοι,
1054,102428147,show,56,ἐπιδεῖξαι,
1055,102428150,For,57,γὰρ,
1056,102428149,I,57,ἐγὼ,
1057,102428152,need,57,δέομαι,
1058,102428151,nothing,57,οὐδὲν,
1059,102428153,of words,57,λόγων,
1060,102428155,but,57,ἀλλὰ,
1061,102428156,the,57,τὸ,
1062,102428157,deed,57,ἔργον,
1063,102428159,should become,57,γενέσθαι,
1064,102428158,clear,57,φανερὸν,
1065,102428161,if indeed,57,εἴπερ,
1066,102428162,things,57,οὕτως,
1067,102428163,stand,57,ἔχει,
1068,102428162,thus,57,οὕτως,
1069,102428166,agreed,58,ὡμολόγει,
1070,102428167,these,58,ταῦτα,
1071,102428167,things,58,ταῦτα,
1072,102428168,do,58,ποιήσειν,
1073,102428170,And,59,καὶ,
1074,102428171,after,59,μετὰ,
1075,102428172,these,59,ταῦτα,
1076,102428173,passed,59,διεγένοντο,
1077,102428174,days,59,ἡμέραι,
1078,102428175,four,59,τέσσαρες,
1079,102428176,or,59,ἢ,
1080,102428177,five,59,πέντε,
1081,102428179,as,59,ὡς,
1082,102428180,I,59,ἐγὼ,
1083,102428184,show,59,ἐπιδείξω,
1084,102428182,you,59,ὑμῖν,
1085,102428181,great,59,μεγάλοις,
1086,102428183,proofs,59,τεκμηρίοις,
1087,102428186,First,60,πρῶτον,
1088,102428187,what,60,δὲ,
1089,102428188,recount,60,διηγήσασθαι,
1090,102428189,I wish,60,βούλομαι,
1091,102428190,what,60,τὰ,
1092,102428191,happened,60,πραχθέντα,
1093,102428192,on,60,τῇ,
1094,102428193,last,60,τελευταίᾳ,
1095,102428194,day,60,ἡμέρᾳ,
1096,102428196,Sostratos,61,Σώστρατος,
1097,102428197,was,61,ἦν,
1098,102428199,suitable,61,ἐπιτήδειος,
1099,102428200,and,61,καὶ,
1100,102428201,friend,61,φίλος,
1101,102428198,to,61,μοι,
1102,102428203,him,62,τούτῳ,
1103,102428204,sun,62,ἡλίου,
1104,102428205,set,62,δεδυκότος,
1105,102428206,coming,62,ἰόντι,
1106,102428207,from,62,ἐξ,
1107,102428208,field,62,ἀγροῦ,
1108,102428209,met,62,ἀπήντησα,
1109,102428211,Knowing,63,εἰδὼς,
1110,102428212,however,63,δ’,
1111,102428213,I,63,ἐγὼ,
1112,102428214,that,63,ὅτι,
1113,102428215,that,63,τηνικαῦτα,
1114,102428215,very,63,τηνικαῦτα,
1115,102428215,moment,63,τηνικαῦτα,
1116,102428216,he,63,ἀφιγμένος,
1117,102428217,not,63,οὐδένα,
1118,102428218,find,63,καταλήψοιτο,
1119,102428217,anyone,63,οὐδένα,
1120,102428220,his,63,τῶν,
1121,102428221,associates,63,ἐπιτηδείων,
1122,102428219,at home,63,οἴκοι,
1123,102428223,commanded,63,ἐκέλευον,
1124,102428225,dine,63,συνδειπνεῖν,
1125,102428225,with,63,συνδειπνεῖν,
1126,102428225,me,63,συνδειπνεῖν,
1127,,,64,,"[{'greek_id': '102428227', 'english_word': 'And'}, {'greek_id': '102428228', 'english_word': 'having'}, {'greek_id': '102428229', 'english_word': 'come'}, {'greek_id': '102428230', 'english_word': 'home'}, {'greek_id': '102428231', 'english_word': 'to'}, {'greek_id': '102428233', 'english_word': 'went'}, {'greek_id': '102428234', 'english_word': 'up'}, {'greek_id': '102428235', 'english_word': 'to'}, {'greek_id': '102428236', 'english_word': 'the'}, {'greek_id': '102428237', 'english_word': 'upper'}, {'greek_id': '102428238', 'english_word': 'room'}, {'greek_id': '102428239', 'english_word': 'and'}, {'greek_id': '102428240', 'english_word': 'dined'}]"
1128,...,...,64,,
1129,,,64,,"[{'greek_id': '102428227', 'english_word': 'And'}, {'greek_id': '102428228', 'english_word': 'come'}, {'greek_id': '102428229', 'english_word': 'home'}, {'greek_id': '102428230', 'english_word': 'to'}, {'greek_id': '102428231', 'english_word': 'me'}, {'greek_id': '102428233', 'english_word': 'went'}, {'greek_id': '102428234', 'english_word': 'to'}, {'greek_id': '102428235', 'english_word': 'the'}, {'greek_id': '102428236', 'english_word': 'room'}, {'greek_id': '102428237', 'english_word': 'dined'}]"
1130,102428239,Since,65,ἐπειδὴ,
1131,102428240,but,65,δὲ,
1132,102428241,well,65,καλῶς,
1133,102428242,for him,65,αὐτῷ,
1134,102428243,were going,65,εἶχεν,
1135,102428245,he,65,ἐκεῖνος,
1136,102428246,as,65,μὲν,
1137,102428247,leaving,65,ἀπιὼν,
1138,102428248,went away,65,ᾤχετο,
1139,102428250,I,65,ἐγὼ,
1140,102428251,but,65,δ’,
1141,102428252,went to sleep,65,ἐκάθευδον,
1142,102428255,But,66,δ’,
1143,102428256,Eratosthenes,66,Ἐρατοσθένης,
1144,102428258,men,66,ὦ,
1145,102428261,enters,66,εἰσέρχεται,
1146,102428263,and,66,καὶ,
1147,102428264,the,66,ἡ,
1148,102428265,slave-girl,66,θεράπαινα,
1149,102428266,having awakened,66,ἐπεγείρασά,
1150,102428267,me,66,με,
1151,102428268,immediately,66,εὐθὺς,
1152,102428269,reports,66,φράζει,
1153,102428270,that,66,ὅτι,
1154,102428271,inside,66,ἔνδον,
1155,102428272,is,66,ἐστί,
1156,102428274,And,67,κα-,
1157,102428275,so,67,κἀγὼ,
1158,102428275,I,67,κἀγὼ,
1159,102428276,said,67,εἰπὼν,
1160,102428277,to,67,ἐκείνῃ,
1161,102428277,her,67,ἐκείνῃ,
1162,102428278,to,67,ἐπιμελεῖσθαι,
1163,102428278,take,67,ἐπιμελεῖσθαι,
1164,102428278,care,67,ἐπιμελεῖσθαι,
1165,102428279,of,67,τῆς,
1166,102428280,the,67,θύρας,
1167,102428280,door,67,θύρας,
1168,102428282,coming,67,καταβὰς,
1169,102428283,in,67,σιωπῇ,
1170,102428283,silence,67,σιωπῇ,
1171,102428284,I,67,ἐξέρχομαι,
1172,102428284,went,67,ἐξέρχομαι,
1173,102428284,out,67,ἐξέρχομαι,
1174,102428286,and,67,καὶ,
1175,102428287,I,67,ἀφικνοῦμαι,
1176,102428287,arrived,67,ἀφικνοῦμαι,
1177,102428288,as,67,ὡς,
1178,102428288,if,67,ὡς,
1179,102428289,to,67,τὸν,
1180,102428290,that,67,καὶ,
1181,102428291,very,67,τόν,
1182,102428294,man,67,τοὺς,
1183,102428293,and,67,καὶ,
1184,102428294,I,67,τοὺς,
1185,102428294,seized,67,τοὺς,
1186,102428294,those,67,τοὺς,
1187,102428296,who,67,ἔνδον,
1188,102428296,were,67,ἔνδον,
1189,102428296,inside,67,ἔνδον,
1190,102428300,but,67,δὲ,
1191,102428303,I,67,ηὗρον,
1192,102428303,found,67,ηὗρον,
1193,102428299,those,67,τοὺς,
1194,102428302,who,67,ἐπιδημοῦντας,
1195,102428302,were,67,ἐπιδημοῦντας,
1196,102428302,not,67,ἐπιδημοῦντας,
1197,102428302,in,67,ἐπιδημοῦντας,
1198,102428302,the,67,ἐπιδημοῦντας,
1199,102428302,city,67,ἐπιδημοῦντας,
1200,102428305,taken,68,παραλαβὼν,
1201,102428306,And,68,δ’,
1202,102428307,when,68,ὡς,
1203,102428308,many,68,οἷόν,
1204,102428309,possible,68,τε,
1205,102428310,possible,68,ἦν,
1206,102428311,many,68,πλείστους,
1207,102428312,of,68,ἐκ,
1208,102428313,those,68,τῶν,
1209,102428314,present,68,παρόντων,
1210,102428315,marched,68,ἐβάδιζον,
1211,102428317,And,69,καὶ,
1212,102428318,torches,69,δᾷδας,
1213,102428319,taking,69,λαβόντες,
1214,102428320,from,69,ἐκ,
1215,102428321,the,69,τοῦ,
1216,102428322,nearest,69,ἐγγύτατα,
1217,102428323,tavern,69,καπηλείου,
1218,102428324,entered,69,εἰσερχόμεθα,
1219,102428326,opened,69,ἀνεῳγμένης,
1220,102428327,the,69,τῆς,
1221,102428328,door,69,θύρας,
1222,102428329,and,69,καὶ,
1223,102428330,having been,69,ὑπὸ,
1224,102428331,prepared,69,τῆς,
1225,102428332,man,69,ἀνθρώπου,
1226,102428333,by,69,παρεσκευασμένης,
1227,102428335,pushing,70,ὤσαντες,
1228,102428336,but,70,δὲ,
1229,102428337,the,70,τὴν,
1230,102428338,door,70,θύραν,
1231,102428339,of,70,τοῦ,
1232,102428340,bedroom,70,δωματίου,
1233,102428344,who,70,εἰσιόντες,
1234,102428343,first,70,πρῶτοι,
1235,102428345,still,70,ἔτι,
1236,102428346,saw,70,εἴδομεν,
1237,102428347,him,70,αὐτὸν,
1238,102428348,lying,70,κατακείμενον,
1239,102428349,beside,70,παρὰ,
1240,102428350,the,70,τῇ,
1241,102428351,woman,70,γυναικί,
1242,102428354,but,70,δ’,
1243,102428355,later,70,ὕστερον,
1244,102428356,on,70,ἐν,
1245,102428357,the,70,τῇ,
1246,102428358,bed,70,κλίνῃ,
1247,102428359,naked,70,γυμνὸν,
1248,102428360,standing,70,ἑστηκότα,
1249,102428362,I,71,ἐγὼ,
1250,102428363,But,71,δ’,
1251,102428365,O,71,ὦ,
1252,102428366,gentlemen,71,ἄνδρες,
1253,102428368,struck,71,πατάξας,
1254,102428369,laid,71,καταβάλλω,
1255,102428370,him,71,αὐτόν,
1256,102428372,and,71,καὶ,
1257,102428373,him,71,τὼ,
1258,102428374,hands,71,χεῖρε,
1259,102428375,leading,71,περιαγαγὼν,
1260,102428376,to,71,εἰς,
1261,102428377,the,71,το-,
1262,102428378,back,71,τοὔπισθεν,
1263,102428379,and,71,καὶ,
1264,102428380,bound,71,δήσας,
1265,102428381,asked,71,ἠρώτων,
1266,102428382,why,71,διὰ,
1267,102428383,he,71,τί,
1268,102428384,was committing hubris,71,ὑβρίζει,
1269,102428385,by,71,εἰς,
1270,102428386,entering,71,τὴν,
1271,102428387,my,71,οἰκίαν,
1272,102428388,house,71,τὴν,
1273,102428389,my,71,ἐμὴν,
1274,102428392,And,72,κα-,
1275,102428393,that man,72,κἀκεῖνος,
1276,102428395,indeed,72,μὲν,
1277,102428396,admitted,72,ὡμολόγει,
1278,102428394,acting unjustly,72,ἀδικεῖν,
1279,102428399,but,72,δὲ,
1280,102428398,pleaded,72,ἠντεβόλει,
1281,102428400,and,72,καὶ,
1282,102428401,begged,72,ἱκέτευε,
1283,102428402,not,72,μὴ,
1284,102428403,be killed,72,ἀποκτεῖναι,
1285,102428404,rather,72,ἀλλ’,
1286,102428405,money,72,ἀργύριον,
1287,102428406,gain,72,πράξασθαι,
1288,102428408,I,73,ἐγὼ,
1289,102428409,But,73,δ’,
1290,102428410,said,73,εἶπον,
1291,102428411,that,73,ὅτι,
1292,102428413,did not,73,οὐκ,
1293,102428414,I,73,ἐγώ,
1294,102428415,you,73,σε,
1295,102428416,kill,73,ἀποκτενῶ,
1296,102428420,but,73,ἀλλ’,
1297,102428421,the,73,ὁ,
1298,102428422,of the,73,τῆς,
1299,102428423,city,73,πόλεως,
1300,102428424,law,73,νόμος,
1301,102428426,which,73,ὃν,
1302,102428427,you,73,σὺ,
1303,102428428,violating,73,παραβαίνων,
1304,102428429,by,73,περὶ,
1305,102428430,lesser,73,ἐλάττονος,
1306,102428431,of the,73,τῶν,
1307,102428432,pleasures,73,ἡδονῶν,
1308,102428433,have incurred,73,ἐποιήσω,
1309,102428435,and,73,καὶ,
1310,102428436,rather,73,μᾶλλον,
1311,102428437,have chosen,73,εἵλου,
1312,102428438,such,73,τοιοῦτον,
1313,102428439,mistake,73,ἁμάρτημα,
1314,102428440,commit,73,ἐξαμαρτάνειν,
1315,102428441,against,73,εἰς,
1316,102428442,my,73,τὴν,
1317,102428443,wife,73,γυναῖκα,
1318,102428444,against,73,τὴν,
1319,102428445,my,73,ἐμὴν,
1320,102428446,and,73,καὶ,
1321,102428447,against,73,εἰς,
1322,102428448,my,73,τοὺς,
1323,102428449,sons,73,παῖδας,
1324,102428452,than,73,ἢ,
1325,102428453,the,73,τοῖς,
1326,102428454,laws,73,νόμοις,
1327,102428455,to obey,73,πείθεσθαι,
1328,102428456,and,73,καὶ,
1329,102428457,to live,73,κόσμιος,
1330,102428458,an orderly,73,εἶναι,
1331,102428461,Thus,74,οὕτως,
1332,102428463,men,74,ὦ,
1333,102428464,jury,74,ἄνδρες,
1334,102428466,he,74,ἐκεῖνος,
1335,102428467,of the,74,τούτων,
1336,102428468,met with,74,ἔτυχεν,
1337,102428469,very,74,ὧνπερ,
1338,102428470,the,74,οἱ,
1339,102428471,fate,74,νόμοι,
1340,102428472,command,74,κελεύουσι,
1341,102428473,for,74,τοὺς,
1342,102428474,those,74,τὰ,
1343,102428475,who,74,τοιαῦτα,
1344,102428476,commit,74,πράττοντας,
1345,102428478,not,74,οὐκ,
1346,102428479,snatched,74,εἰσαρπασθεὶς,
1347,102428480,away,74,ἐκ,
1348,102428481,by,74,τῆς,
1349,102428482,force,74,ὁδοῦ,
1350,102428484,nor,74,οὐ,
1351,102428486,seeking,74,ἐπὶ,
1352,102428487,refuge,74,τὴν,
1353,102428488,at,74,ἑστίαν,
1354,102428489,the,74,καταφυγών,
1355,102428491,as,74,ὥσπερ,
1356,102428492,these,74,οὗτοι,
1357,102428493,claim,74,λέγουσι,
1358,102428496,For,75,γὰρ,
1359,102428495,how,75,πῶς,
1360,102428497,could,75,ἄν,
1361,102428500,in,75,ἐν,
1362,102428501,the,75,τῷ,
1363,102428502,bedroom,75,δωματίῳ,
1364,102428503,having been struck,75,πληγεὶς,
1365,102428504,fallen,75,κατέπεσεν,
1366,102428505,immediately,75,εὐθύς,
1367,102428507,turned,75,περιέστρεψα,
1368,102428509,his,75,αὐτοῦ,
1369,102428511,hands,75,χεῖρε,
1370,102428513,inside,75,ἔνδον,
1371,102428515,were,75,ἦσαν,
1372,102428516,people,75,ἄνθρωποι,
1373,102428517,so many,75,τοσοῦτοι,
1374,102428519,whom,75,οὓς,
1375,102428520,escape,75,διαφυγεῖν,
1376,102428521,not,75,οὐκ,
1377,102428522,could,75,ἐδύνατο,
1378,102428526,iron,75,σίδηρον,
1379,102428527,nor,75,οὔ,
1380,102428529,wood,75,ξύλον,
1381,102428528,nor,75,-τε,
1382,102428530,not,75,οὔ,
1383,102428531,nor,75,-τε,
1384,102428532,else,75,ἄλλο,
1385,102428533,anything,75,οὐδὲν,
1386,102428534,in his possession,75,ἔχων,
1387,102428536,by which,75,ᾧ,
1388,102428538,those who entered,75,εἰσελθόντας,
1389,102428539,might have,75,ἂν,
1390,102428540,defended,75,ἠμύνατο,
1391,102428542,But,76,ἀλλ’,
1392,102428544,gentlemen,76,ὦ,
1393,102428545,gentlemen,76,ἄνδρες,
1394,102428547,think,76,οἶμαι,
1395,102428548,too,76,καὶ,
1396,102428549,you,76,ὑμᾶς,
1397,102428550,know,76,εἰδέναι,
1398,102428551,that,76,ὅτι,
1399,102428552,those,76,οἱ,
1400,102428553,not,76,μὴ,
1401,102428554,just,76,τὰ,
1402,102428555,just,76,δίκαια,
1403,102428556,act,76,πράττοντες,
1404,102428557,not,76,οὐχ,
1405,102428558,agree,76,ὁμολογοῦσι,
1406,102428559,their,76,τοὺς,
1407,102428560,enemies,76,ἐχθροὺς,
1408,102428561,saying,76,λέγειν,
1409,102428562,truth,76,ἀληθῆ,
1410,102428564,but,76,ἀλλ’,
1411,102428565,they,76,αὐτοὶ,
1412,102428566,lie,76,ψευδόμενοι,
1413,102428567,and,76,καὶ,
1414,102428568,such,76,τὰ,
1415,102428569,things,76,τοιαῦτα,
1416,102428570,devise,76,μηχανώμενοι,
1417,102428571,anger,76,ὀργὰς,
1418,102428572,for,76,τοῖς,
1419,102428573,listeners,76,ἀκούουσι,
1420,102428574,against,76,κατὰ,
1421,102428575,those,76,τῶν,
1422,102428576,just,76,τὰ,
1423,102428577,just,76,δίκαια,
1424,102428578,act,76,πραττόντων,
1425,102428579,prepare,76,παρασκευάζουσι,
1426,102428581,First,77,πρῶτον,
1427,102428583,then,77,οὖν,
1428,102428584,read,77,ἀνάγνωθι,
1429,102428585,the,77,τὸν,
1430,102428586,law,77,νόμον,
1431,102428588,not,78,οὐκ,
1432,102428589,dispute,78,ἠμφεσβήτει,
1433,102428591,gentlemen,78,ὦ,
1434,102428592,gentlemen,78,ἄνδρες,
1435,102428594,but,78,ἀλλ’,
1436,102428595,admitted,78,ὡμολόγει,
1437,102428596,wrong,78,ἀδικεῖν,
1438,102428598,and,78,καὶ,
1439,102428599,while,78,ὅπως,
1440,102428603,pleaded,78,ἠντεβόλει,
1441,102428605,begged,78,ἱκέτευεν,
1442,102428602,die,78,ἀποθάνῃ,
1443,102428608,while,78,δ’,
1444,102428609,ready,78,ἕτοιμος,
1445,102428610,ready,78,ἦν,
1446,102428607,pay,78,ἀποτίνειν,
1447,102428611,money,78,χρήματα,
1448,102428613,I,79,ἐγὼ,
1449,102428614,But,79,δὲ,
1450,102428616,did not,79,μὲν,
1451,102428617,he,79,ἐκείνου,
1452,102428618,penalty,79,τιμήματι,
1453,102428619,did not,79,οὐ,
1454,102428620,consent,79,συνεχώρουν,
1455,102428622,the,79,τὸν,
1456,102428623,but,79,δὲ,
1457,102428624,of the,79,τῆς,
1458,102428625,city,79,πόλεως,
1459,102428626,law,79,νόμον,
1460,102428627,insisted,79,ἠξίουν,
1461,102428628,be,79,εἶναι,
1462,102428629,more authoritative,79,κυριώτερον,
1463,102428631,and,79,καὶ,
1464,102428632,this,79,ταύτην,
1465,102428633,accepted,79,ἔλαβον,
1466,102428634,prosecution,79,τὴν,
1467,102428637,which,79,ἣν,
1468,102428638,you,79,ὑμεῖς,
1469,102428639,most just,79,δικαιοτάτην,
1470,102428640,it,79,εἶναι,
1471,102428641,having judged,79,ἡγησάμενοι,
1472,102428642,for those,79,τοῖς,
1473,102428643,those,79,τὰ,
1474,102428644,such,79,τοιαῦτα,
1475,102428645,conduct,79,ἐπιτηδεύουσιν,
1476,102428646,established,79,ἐτάξατε,
1477,102428648,And,80,καί,
1478,102428649,me,80,μοι,
1479,102428650,come,80,ἀνάβητε,
1480,102428651,these,80,τούτων,
1481,102428652,witnesses,80,μάρτυρες,
1482,102428654,read,81,ἀνάγνωθι,
1483,102428655,And,81,δέ,
1484,102428656,to me,81,μοι,
1485,102428658,this,81,τοῦτον,
1486,102428659,law,81,τὸν,
1487,102428660,law,81,νόμον,
1488,102428662,from,81,ἐκ,
1489,102428663,the,81,τῆς,
1490,102428664,stele,81,στήλης,
1491,102428665,on,81,τῆς,
1492,102428666,on,81,ἐξ,
1493,102428667,Areopagus,81,Ἀρείου,
1494,102428668,Areopagus,81,πάγου,
1495,102428670,Listen,82,ἀκούετε,
1496,102428672,men,82,ὦ,
1497,102428673,men,82,ἄνδρες,
1498,102428675,that,82,ὅτι,
1499,102428676,that,82,αὐτῷ,
1500,102428677,very,82,τῷ,
1501,102428678,court,82,δικαστηρίῳ,
1502,102428680,of,82,ἐξ,
1503,102428681,Areopagus,82,Ἀρείου,
1504,102428682,Areopagus,82,πάγου,
1505,102428684,which,82,ᾧ,
1506,102428686,ancestral,82,πάτριόν,
1507,102428687,is,82,ἐστι,
1508,102428688,and,82,καὶ,
1509,102428689,has been entrusted,82,ἐφ’,
1510,102428690,to,82,ἡμῶν,
1511,102428691,entrusted,82,ἀποδέδοται,
1512,102428693,of,82,φόνου,
1513,102428695,cases,82,δίκας,
1514,102428696,judge,82,δικάζειν,
1515,102428699,stated,82,εἴρηται,
1516,102428700,this,82,τούτου,
1517,102428701,not,82,μὴ,
1518,102428702,convicted,82,καταγιγνώσκειν,
1519,102428703,murder,82,φόνον,
1520,102428705,who,82,ὃς,
1521,102428706,shall,82,ἂν,
1522,102428707,upon,82,ἐπὶ,
1523,102428708,with,82,δάμαρτι,
1524,102428709,his,82,τῇ,
1525,102428710,own,82,ἑαυτοῦ,
1526,102428711,adulterer,82,μοιχὸν,
1527,102428712,catching,82,λαβὼν,
1528,102428713,this,82,ταύτην,
1529,102428714,this,82,τὴν,
1530,102428715,punishment,82,τιμωρίαν,
1531,102428716,inflict,82,ποιήσηται,
1532,102428700,man,82,τούτου,
1533,102428674,that,82,",",
1534,102428698,explicitly,82,διαρρήδην,
1535,102428685,both,82,καὶ,
1536,102428687,both,82,ἐστι,
1537,102428691,us,82,ἀποδέδοται,
1538,102428693,murder,82,φόνου,
1539,102428705,him,82,ὃς,
1540,102428716,him,82,ποιήσηται,
1541,102428718,And,83,καὶ,
1542,102428719,so,83,οὕτω,
1543,102428720,just,83,σφόδρα,
1544,102428721,the,83,ὁ,
1545,102428722,lawgiver,83,νομοθέτης,
1546,102428723,with regard to,83,ἐπὶ,
1547,102428724,wives,83,ταῖς,
1548,102428725,wives,83,γαμεταῖς,
1549,102428726,wives,83,γυναιξὶ,
1550,102428727,just,83,δίκαια,
1551,102428728,these,83,ταῦτα,
1552,102428729,considered,83,ἡγήσατο,
1553,102428730,to be,83,εἶναι,
1554,102428732,that,83,ὥστε,
1555,102428733,even,83,καὶ,
1556,102428734,on,83,ἐπὶ,
1557,102428735,concubines,83,ταῖς,
1558,102428736,concubines,83,παλλακαῖς,
1559,102428737,of,83,ταῖς,
1560,102428738,lesser,83,ἐλάττονος,
1561,102428739,worth,83,ἀξίαις,
1562,102428740,the,83,τὴν,
1563,102428741,same,83,αὐτὴν,
1564,102428742,punishment,83,δίκην,
1565,102428743,imposed,83,ἐπέθηκε,
1566,102428745,Yet,84,καίτοι,
1567,102428746,clear,84,δῆλον,
1568,102428747,that,84,ὅτι,
1569,102428749,if,84,εἴ,
1570,102428750,seeking,84,τινα,
1571,102428751,had,84,εἶχε,
1572,102428752,a,84,ταύτης,
1573,102428753,greater,84,μείζω,
1574,102428754,punishment,84,τιμωρίαν,
1575,102428755,for,84,ἐπὶ,
1576,102428756,wives,84,ταῖς,
1577,102428759,done,84,ἐποίησεν,
1578,102428760,so,84,ἄν,
1579,102428783,Read,86,ἀνάγνωθι,
1580,102428784,as well,86,δέ,
1581,102428785,for me,86,μοι,
1582,102428786,as well,86,καὶ,
1583,102428787,this,86,τοῦτον,
1584,102428788,law,86,τὸν,
1585,102428789,law,86,νόμον,
1586,102428791,Listen,87,ἀκούετε,
1587,102428793,gentlemen,87,ἄνδρες,
1588,102428795,what,87,ὅτι,
1589,102428796,commands,87,κελεύει,
1590,102428798,if,87,ἐάν,
1591,102428799,anyone,87,τις,
1592,102428800,man,87,ἄνθρωπον,
1593,102428801,free,87,ἐλεύθερον,
1594,102428803,boy,87,παῖδα,
1595,102428804,shame,87,αἰσχύνῃ,
1596,102428807,double,87,διπλῆν,
1597,102428808,the,87,τὴν,
1598,102428809,damage,87,βλάβην,
1599,102428810,owes,87,ὀφείλειν,
1600,102428813,But,88,δὲ,
1601,102428812,if,88,ἐὰν,
1602,102428814,a,88,γυναῖκα,
1603,102428816,who,88,ἐφ’,
1604,102428817,has,88,αἷσπερ,
1605,102428818,a,88,ἀποκτείνειν,
1606,102428819,wife,88,ἔξεστιν,
1607,102428821,engage,88,ἐν,
1608,102428822,in,88,τοῖς,
1609,102428823,the,88,αὐτοῖς,
1610,102428824,same,88,ἐνέχεσθαι,
1611,102428825,activities,88,.,
1612,102428816,for,88,ἐφ’,
1613,102428817,which,88,αἷσπερ,
1614,102428818,it,88,ἀποκτείνειν,
1615,102428819,is,88,ἔξεστιν,
1616,102428820,lawful,88,",",
1617,102428821,to,88,ἐν,
1618,102428822,kill,88,τοῖς,
1619,102428823,her,88,αὐτοῖς,
1620,102428826,Thus,89,οὕτως,
1621,102428828,men,89,ὦ,
1622,102428829,men,89,ἄνδρες,
1623,102428831,those,89,τοὺς,
1624,102428832,violence,89,βιαζομένους,
1625,102428833,lighter,89,ἐλάττονος,
1626,102428834,penalty,89,ζημίας,
1627,102428835,worthy,89,ἀξίους,
1628,102428836,considered,89,ἡγήσατο,
1629,102428837,to be,89,εἶναι,
1630,102428838,than,89,ἢ,
1631,102428839,those,89,τοὺς,
1632,102428840,persuasion,89,πείθοντας,
1633,102428844,For,90,γὰρ,
1634,102428845,death,90,θάνατον,
1635,102428846,sentenced,90,κατέγνω,
1636,102428843,some,90,μὲν,
1637,102428848,others,90,τοῖς,
1638,102428849,but,90,δὲ,
1639,102428850,double,90,διπλῆν,
1640,102428851,inflicted,90,ἐποίησε,
1641,102428853,injury,90,βλάβην,
1642,102428852,on,90,τὴν,
1643,102428855,thinking,90,ἡγούμενος,
1644,102428857,those,90,μὲν,
1645,102428856,who,90,τοὺς,
1646,102428858,committed,90,διαπραττομένους,
1647,102428859,by force,90,βίᾳ,
1648,102428860,by,90,ὑπὸ,
1649,102428862,those who were subjected to violence,90,βιασθέντων,
1650,102428863,are hated,90,μισεῖσθαι,
1651,102428866,whereas,90,δὲ,
1652,102428867,those who persuaded,90,πείσαντας,
1653,102428869,them,90,αὐτῶν,
1654,102428872,ruin,90,διαφθείρειν,
1655,102428871,souls,90,ψυχὰς,
1656,102428868,in such a way,90,οὕτως,
1657,102428874,that,90,ὥστ’,
1658,102428877,make,90,ποιεῖν,
1659,102428875,more intimate,90,οἰκειοτέρας,
1660,102428876,to themselves,90,αὑτοῖς,
1661,102428880,women,90,γυναῖκας,
1662,102428879,foreign,90,ἀλλοτρίας,
1663,102428881,than,90,ἢ,
1664,102428883,to their husbands,90,ἀνδράσι,
1665,102428885,and,90,καὶ,
1666,102428886,entire,90,πᾶσαν,
1667,102428890,household,90,οἰκίαν,
1668,102428889,is,90,τὴν,
1669,102428891,ruined,90,γεγονέναι,
1670,102428887,on,90,ἐπ’,
1671,102428888,them,90,ἐκείνοις,
1672,102428893,and,90,καὶ,
1673,102428895,children,90,παῖδας,
1674,102428896,unknown,90,ἀδήλους,
1675,102428897,as to,90,εἶναι,
1676,102428898,whose,90,ὁποτέρων,
1677,102428899,they are,90,τυγχάνουσιν,
1678,102428900,being,90,ὄντες,
1679,102428904,whether,90,ἢ,
1680,102428903,husbands,90,ἀνδρῶν,
1681,102428905,of the,90,τῶν,
1682,102428906,adulterers,90,μοιχῶν,
1683,102428842,of the,90,τῶν,
1684,102428861,of,90,τῶν,
1685,102428908,For,91,ἀνθ’,
1686,102428909,this,91,ὧν,
1687,102428910,reason,91,ὁ,
1688,102428911,the,91,τὸν,
1689,102428912,one,91,νόμον,
1690,102428913,who,91,τιθεὶς,
1691,102428914,established,91,θάνατον,
1692,102428915,the,91,αὐτοῖς,
1693,102428916,law,91,ἐποίησε,
1694,102428917,inflicted,91,τὴν,
1695,102428918,death,91,ζημίαν,
1696,102428919,upon,91,.,
1697,102428920,them,91,,
1698,102428921,as,91,,
1699,102428922,their,91,,
1700,102428923,punishment,91,,
1701,102428921,Therefore,92,τοίνυν,
1702,102428924,men,92,ἄνδρες,
1703,102428926,jury,92,οἱ,
1704,102428928,laws,92,νόμοι,
1705,102428929,not,92,οὐ,
1706,102428930,only,92,μόνον,
1707,102428931,have declared,92,ἀπεγνωκότες,
1708,102428932,that,92,εἰσὶ,
1709,102428933,no one,92,μὴ,
1710,102428934,should do wrong,92,ἀδικεῖν,
1711,102428936,but,92,ἀλλὰ,
1712,102428937,have also commanded,92,καὶ,
1713,102428942,that one take,92,λαμβάνειν,
1714,102428939,this,92,ταύτην,
1715,102428941,case,92,δίκην,
1716,102428944,up to,93,ἐν,
1717,102428945,you,93,ὑμῖν,
1718,102428946,However,93,δ’,
1719,102428947,is,93,ἐστὶ,
1720,102428948,whether,93,πότερον,
1721,102428949,should be considered,93,χρὴ,
1722,102428950,these,93,τούτους,
1723,102428951,powerful,93,ἰσχυροὺς,
1724,102428952,or,93,ἢ,
1725,102428953,nothing,93,μηδενὸς,
1726,102428954,worthy,93,ἀξίους,
1727,102428955,be,93,εἶναι,
1728,102428959,For,94,γὰρ,
1729,102428957,I,94,ἐγὼ,
1730,102428960,believe,94,οἶμαι,
1731,102428961,all,94,πάσας,
1732,102428962,cities,94,τὰς,
1733,102428963,cities,94,πόλεις,
1734,102428968,established,94,τίθεσθαι,
1735,102428967,laws,94,νόμους,
1736,102428964,for,94,διὰ,
1737,102428965,this,94,τοῦτο,
1738,102428970,so that,94,ἵνα,
1739,102428973,when,94,ἂν,
1740,102428975,are at a loss,94,ἀπορῶμεν,
1741,102428971,concerning,94,περὶ,
1742,102428972,any,94,ὧν,
1743,102428974,matters,94,πραγμάτων,
1744,102428979,come,94,ἐλθόντες,
1745,102428978,to these,94,τούτους,
1746,102428977,to,94,παρὰ,
1747,102428967,laws,94,νόμους,
1748,102428980,consider,94,σκεψώμεθα,
1749,102428981,what,94,ὅ,
1750,102428982,what,94,τι,
1751,102428983,we,94,ἡμῖν,
1752,102428984,ought to do,94,ποιητέον,
1753,102428985,to be done,94,ἐστίν,
1754,102428987,they,95,οὗτοι,
1755,102428988,Therefore,95,τοίνυν,
1756,102428997,urge,95,παρακελεύονται,
1757,102428989,in,95,περὶ,
1758,102428990,cases,95,τῶν,
1759,102428991,of this sort,95,τοιούτων,
1760,102428992,those,95,τοῖς,
1761,102428993,who have been wronged,95,ἀδικουμένοις,
1762,102428994,such,95,τοιαύτην,
1763,102428995,punishment,95,δίκην,
1764,102428996,to exact,95,λαμβάνειν,
1765,102428999,whom,96,οἷς,
1766,102429000,you,96,ὑμᾶς,
1767,102429001,consider,96,ἀξιῶ,
1768,102429002,worthy,96,τὴν,
1769,102429003,of,96,αὐτὴν,
1770,102429004,holding,96,γνώμην,
1771,102429005,the,96,ἔχειν,
1772,102429005,same,96,ἔχειν,
1773,102429005,opinion,96,ἔχειν,
1774,102429007,if,97,εἰ,
1775,102429008,But,97,δὲ,
1776,102429009,not,97,μή,
1777,102429011,such,97,τοιαύτην,
1778,102429012,impunity,97,ἄδειαν,
1779,102429013,for,97,τοῖς,
1780,102429014,adulterers,97,μοιχοῖς,
1781,102429015,create,97,ποιήσετε,
1782,102429017,that,97,ὥστε,
1783,102429018,even,97,καὶ,
1784,102429019,thieves,97,τοὺς,
1785,102429021,claim,97,ἐπαρεῖτε,
1786,102429022,to be,97,φάσκειν,
1787,102429023,adulterers,97,μοιχοὺς,
1788,102429024,being,97,εἶναι,
1789,102429026,well,97,εὖ,
1790,102429027,knowing,97,εἰδότας,
1791,102429028,that,97,ὅτι,
1792,102429030,if,97,ἐὰν,
1793,102429031,this,97,ταύτην,
1794,102429032,same,97,τὴν,
1795,102429033,excuse,97,αἰτίαν,
1796,102429034,for,97,περὶ,
1797,102429035,themselves,97,ἑαυτῶν,
1798,102429036,offer,97,λέγωσι,
1799,102429037,and,97,καὶ,
1800,102429038,on,97,ἐπὶ,
1801,102429039,this,97,τούτῳ,
1802,102429040,basis,97,φάσκωσιν,
1803,102429041,that,97,εἰς,
1804,102429042,they,97,τὰς,
1805,102429043,entered,97,ἀλλοτρίας,
1806,102429044,other people's houses,97,οἰκίας,
1807,102429045,entered,97,εἰσιέναι,
1808,102429047,not one,97,οὐδεὶς,
1809,102429048,of them,97,αὐτῶν,
1810,102429049,will be punished,97,ἅψεται,
1811,102429052,For,98,γὰρ,
1812,102429051,everyone,98,πάντες,
1813,102429053,will know,98,εἴσονται,
1814,102429054,that,98,ὅτι,
1815,102429055,the,98,τοὺς,
1816,102429057,laws,98,νόμους,
1817,102429058,regarding,98,τῆς,
1818,102429059,adultery,98,μοιχείας,
1819,102429060,rejoice,98,χαίρειν,
1820,102429061,whenever,98,ἐᾶν,
1821,102429062,necessary,98,δεῖ,
1822,102429065,but,98,δὲ,
1823,102429054,that,98,ὅτι,
1824,102429069,fear,98,δεδιέναι,
1825,102429068,your,98,ὑμετέραν,
1826,102429066,vote,98,ψῆφον,
1827,102429072,For,99,γάρ,
1828,102429071,she,99,αὕτη,
1829,102429073,is,99,ἐστι,
1830,102429079,most powerful,99,κυριωτάτη,
1831,102429074,all,99,πάντων,
1832,102429075,who,99,τῶν,
1833,102429076,are,99,ἐν,
1834,102429077,in,99,τῇ,
1835,102429078,the,99,πόλει,
1836,102429078,city,99,πόλει,
1837,102429081,Consider,100,σκέψασθε,
1838,102429082,then,100,δέ,
1839,102429084,O,100,ὦ,
1840,102429085,men,100,ἄνδρες,
1841,102429088,For,101,γάρ,
1842,102429087,accuse,101,κατηγοροῦσι,
1843,102429089,me,101,μου,
1844,102429090,as though,101,ὡς,
1845,102429091,I,101,ἐγὼ,
1846,102429099,ordered,101,ἐκέλευσα,
1847,102429100,the,101,τὸν,
1848,102429101,young man,101,νεανίσκον,
1849,102429098,to visit,101,μετελθεῖν,
1850,102429092,the,101,τὴν,
1851,102429093,servant,101,θεράπαιναν,
1852,102429094,on,101,ἐν,
1853,102429095,that,101,ἐκείνῃ,
1854,102429097,day,101,ἡμέρᾳ,
1855,102429103,me,102,ἐγὼ,
1856,102429104,But,102,δέ,
1857,102429106,men,102,ὦ,
1858,102429107,men,102,ἄνδρες,
1859,102429109,just,102,δίκαιον,
1860,102429110,as for,102,μὲν,
1861,102429111,,102,ἂν,
1862,102429112,to catch,102,ποιεῖν,
1863,102429113,considered,102,ἡγούμην,
1864,102429114,anyone,102,ᾡτινιοῦν,
1865,102429115,any,102,τρόπῳ,
1866,102429116,who,102,τὸν,
1867,102429117,my,102,τὴν,
1868,102429118,wife,102,γυναῖκα,
1869,102429119,my,102,τὴν,
1870,102429120,my,102,ἐμὴν,
1871,102429121,corrupted,102,διαφθείραντα,
1872,102429122,catch,102,λαμβάνων,
1873,102429124,if,103,εἰ,
1874,102429126,For,103,γὰρ,
1875,102429127,words,103,λόγων,
1876,102429128,spoken,103,εἰρημένων,
1877,102429129,deed,103,ἔργου,
1878,102429132,done,103,γεγενημένου,
1879,102429133,pursue,103,μετελθεῖν,
1880,102429134,ordered,103,ἐκέλευον,
1881,102429135,him,103,ἐκεῖνον,
1882,102429137,wronging,103,ἠδίκουν,
1883,102429138,have,103,ἄν,
1884,102429163,Examine,105,σκέψασθε,
1885,102429164,then,105,δὲ,
1886,102429165,that,105,ὅτι,
1887,102429166,even,105,καὶ,
1888,102429167,these,105,ταῦτα,
1889,102429168,lies,105,ψεύδονται,
1890,102429170,Easily,106,ῥᾳδίως,
1891,102429171,however,106,δὲ,
1892,102429172,from,106,ἐκ,
1893,102429173,these,106,τῶνδε,
1894,102429174,come to know,106,γνώσεσθε,
1895,102429177,For,107,γάρ,
1896,102429180,gentlemen,107,ἄνδρες,
1897,102429182,which,107,ὅπερ,
1898,102429183,and,107,καὶ,
1899,102429184,before,107,πρότερον,
1900,102429185,mentioned,107,εἶπον,
1901,102429187,friend,107,φίλος,
1902,102429188,was,107,ὢν,
1903,102429189,Sostratos,107,Σώστρατος,
1904,102429190,and,107,καὶ,
1905,102429191,friendly,107,οἰκείως,
1906,102429192,terms,107,διακείμενος,
1907,102429193,met,107,ἀπαντήσας,
1908,102429194,coming,107,ἐξ,
1909,102429195,from,107,ἀγροῦ,
1910,102429196,at,107,περὶ,
1911,102429197,sunset,107,ἡλίου,
1912,102429198,sunset,107,δυσμὰς,
1913,102429199,dined,107,συνεδείπνει,
1914,102429201,and,107,καὶ,
1915,102429202,when,107,ἐπειδὴ,
1916,102429203,well,107,καλῶς,
1917,102429204,going,107,εἶχεν,
1918,102429205,him,107,αὐτῷ,
1919,102429207,leaving,107,ἀπιὼν,
1920,102429208,departed,107,ᾤχετο,
1921,102429210,And,108,καίτοι,
1922,102429211,first,108,πρῶτον,
1923,102429212,yet,108,μέν,
1924,102429214,gentlemen,108,ὦ,
1925,102429215,gentlemen,108,ἄνδρες,
1926,102429217,consider,108,ἐνθυμήθητε,
1927,102429219,If,109,ὅτι,
1928,102429220,were,109,εἰ,
1929,102429221,on,109,ἐν,
1930,102429222,that,109,ἐκείνῃ,
1931,102429223,night,109,τῇ,
1932,102429224,night,109,νυκτὶ,
1933,102429225,I,109,ἐγὼ,
1934,102429226,plotting,109,ἐπεβούλευον,
1935,102429227,Eratosthenes,109,Ἐρατοσθένει,
1936,102429229,was,109,πότερον,
1937,102429230,it,109,ἦν,
1938,102429231,for me,109,μοι,
1939,102429232,better,109,κρεῖττον,
1940,102429233,to dine,109,αὐτῷ,
1941,102429234,elsewhere,109,ἑτέρωθι,
1942,102429235,to dine,109,δειπνεῖν,
1943,102429236,or,109,ἢ,
1944,102429237,the,109,τὸν,
1945,102429238,man,109,συνδειπνήσοντά,
1946,102429239,with me,109,μοι,
1947,102429240,to bring,109,εἰσαγαγεῖν,
1948,102429243,For,110,γὰρ,
1949,102429242,in this way,110,οὕτω,
1950,102429244,would have,110,ἂν,
1951,102429245,less,110,ἧττον,
1952,102429246,dared,110,ἐτόλμησεν,
1953,102429247,that man,110,ἐκεῖνος,
1954,102429248,to enter,110,εἰσελθεῖν,
1955,102429249,into,110,εἰς,
1956,102429250,the,110,τὴν,
1957,102429251,house,110,οἰκίαν,
1958,102429253,Then,111,εἶτα,
1959,102429254,do I seem,111,δοκῶ,
1960,102429255,to,111,ἂν,
1961,102429256,you,111,ὑμῖν,
1962,102429257,the,111,τὸν,
1963,102429258,dining,111,συνδειπνοῦντα,
1964,102429259,go,111,ἀφεὶς,
1965,102429260,alone,111,μόνος,
1966,102429261,be left,111,καταλειφθῆναι,
1967,102429262,and,111,καὶ,
1968,102429263,solitary,111,ἔρημος,
1969,102429264,,111,γενέσθαι,
1970,102429266,or,111,ἢ,
1971,102429267,to have ordered,111,κελεύειν,
1972,102429268,him,111,ἐκεῖνον,
1973,102429269,to stay,111,μεῖναι,
1974,102429271,so that,111,ἵνα,
1975,102429272,by,111,μετ’,
1976,102429273,my,111,ἐμοῦ,
1977,102429274,the,111,τὸν,
1978,102429275,adulterer,111,μοιχὸν,
1979,102429276,might be punished,111,ἐτιμωρεῖτο,
1980,102429278,Furthermore,112,ἔπειτα,
1981,102429280,gentlemen,112,ὦ,
1982,102429281,gentlemen,112,ἄνδρες,
1983,102429283,not,112,οὐκ,
1984,102429284,would,112,ἂν,
1985,102429285,think,112,δοκῶ,
1986,102429286,I,112,ὑμῖν,
1987,102429287,my,112,τοῖς,
1988,102429288,friends,112,ἐπιτηδείοις,
1989,102429289,to,112,μεθ’,
1990,102429290,meet,112,ἡμέραν,
1991,102429291,in,112,παραγγεῖλαι,
1992,102429292,the,112,",",
1993,102429293,house,112,καὶ,
1994,102429294,of,112,κελεῦσαι,
1995,102429295,whichever,112,αὐτοὺς,
1996,102429296,of,112,συλλεγῆναι,
1997,102429297,my,112,εἰς,
1998,102429298,friends,112,οἰκίαν,
1999,102429299,was,112,του,
2000,102429300,nearest,112,τῶν,
2001,102429301,and,112,φίλων,
2002,102429302,commanded,112,ἐγγυτάτω,
2003,102429303,them,112,",",
2004,102429304,to,112,μᾶλλον,
2005,102429305,gather,112,ἢ,
2006,102429306,there,112,ἐπειδὴ,
2007,102429307,rather,112,τάχιστα,
2008,102429308,than,112,ᾐσθόμην,
2009,102429309,running,112,τῆς,
2010,102429310,around,112,νυκτὸς,
2011,102429311,as,112,περιτρέχειν,
2012,102429312,soon,112,",",
2013,102429313,as,112,οὐκ,
2014,102429314,I,112,εἰδὼς,
2015,102429315,realized,112,ὅντινα,
2016,102429316,it,112,οἴκοι,
2017,102429317,was,112,καταλήψομαι,
2018,102429318,night,112,καὶ,
2019,102429319,not,112,ὅντινα,
2020,102429320,knowing,112,ἔξω,
2021,102429321,whom,112,;,
2022,102429322,I,112,,
2023,102429323,would,112,,
2024,102429324,find,112,,
2025,102429325,at,112,,
2026,102429326,home,112,,
2027,102429327,and,112,,
2028,102429328,whom,112,,
2029,102429329,outside,112,,
2030,102429322,And,113,καὶ,
2031,102429323,when,113,ὡς,
2032,102429329,arrived,113,ἦλθον,
2033,102429324,Harmodius,113,Ἁρμόδιον,
2034,102429326,and,113,καὶ,
2035,102429327,the,113,τὸν,
2036,102429328,man,113,δεῖνα,
2037,102429338,others,113,ἑτέρους,
2038,102429339,but,113,δὲ,
2039,102429343,caught,113,κατέλαβον,
2040,102429345,whom,113,οὓς,
2041,102429347,able,113,οἷός,
2042,102429350,seize,113,λαβὼν,
2043,102429351,took,113,ἐβάδιζον,
2044,102429351,with,113,ἐβάδιζον,
2045,102429351,me,113,ἐβάδιζον,
2046,102429325,indeed,113,μὲν,
2047,102429330,not,113,οὐκ,
2048,102429331,at,113,ἐπιδημοῦντας,
2049,102429330,not,113,οὐκ,
2050,102429335,yet,113,ᾔδη,
2051,102429334,for,113,γὰρ,
2052,102429333,not,113,οὐ,
2053,102429335,there,113,ᾔδη,
2054,102429340,not,113,οὐκ,
2055,102429341,indoors,113,ἔνδον,
2056,102429342,were,113,ὄντας,
2057,102429346,and,113,δ’,
2058,102429348,those,113,τε,
2059,102429349,I,113,ἦ,
2060,102429350,having,113,λαβὼν,
2061,102429327,question,113,τὸν,
2062,102429323,I,113,ὡς,
2063,102429329,found,113,ἦλθον,
2064,102429353,And,114,καίτοιγε,
2065,102429354,since,114,εἰ,
2066,102429355,clear,114,προῄδη,
2067,102429357,not,114,οὐκ,
2068,102429358,would,114,ἂν,
2069,102429359,think,114,δοκῶ,
2070,102429360,you,114,ὑμῖν,
2071,102429362,slaves,114,θεράποντας,
2072,102429363,prepare,114,παρασκευάσασθαι,
2073,102429364,and,114,καὶ,
2074,102429365,to,114,τοῖς,
2075,102429366,friends,114,φίλοις,
2076,102429367,give,114,παραγγεῖλαι,
2077,102429369,so,114,ἵν’,
2078,102429370,as,114,ὡς,
2079,102429371,safely,114,ἀσφαλέστατα,
2080,102429372,as,114,μὲν,
2081,102429373,I,114,αὐτὸς,
2082,102429374,might,114,εἰσῄα,
2083,102429377,for,114,γὰρ,
2084,102429376,what,114,τί,
2085,102429378,already,114,ᾔδη,
2086,102429379,did,114,εἴ,
2087,102429380,kind,114,τι,
2088,102429381,of,114,κα-,
2089,102429382,and,114,κἀκεῖνος,
2090,102429383,had,114,εἶχε,
2091,102429384,weapon,114,σιδήριον,
2092,102429388,so,114,ὡς,
2093,102429389,that,114,μετὰ,
2094,102429390,in,114,πλείστων,
2095,102429391,the,114,δὲ,
2096,102429392,presence,114,μαρτύρων,
2097,102429393,of,114,τὴν,
2098,102429394,greatest,114,τιμωρίαν,
2099,102429395,number,114,ἐποιούμην,
2100,102429395,of,114,ἐποιούμην,
2101,102429395,witnesses,114,ἐποιούμην,
2102,102429395,I,114,ἐποιούμην,
2103,102429395,might,114,ἐποιούμην,
2104,102429395,exact,114,ἐποιούμην,
2105,102429395,vengeance,114,ἐποιούμην,
2106,102429397,Now,115,νῦν,
2107,102429398,knowing,115,δ’,
2108,102429399,nothing,115,οὐδὲν,
2109,102429400,knowing,115,εἰδὼς,
2110,102429401,of,115,τῶν,
2111,102429402,going,115,ἐσομένων,
2112,102429403,what,115,ἐκείνῃ,
2113,102429403,to,115,ἐκείνῃ,
2114,102429404,happen,115,τῇ,
2115,102429405,that,115,νυκτί,
2116,102429406,night,115,",",
2117,102429407,whom,115,οὓς,
2118,102429408,able,115,οἷός,
2119,102429409,would,115,τε,
2120,102429410,have,115,ἦ,
2121,102429411,taken,115,παρέλαβον,
2122,102429412,in,115,.,
2123,102429413,And,116,καί,
2124,102429414,come,116,μοι,
2125,102429415,up,116,ἀνάβητε,
2126,102429416,these,116,τούτων,
2127,102429417,witnesses,116,μάρτυρες,
2128,102429419,the,117,τῶν,
2129,102429420,the,117,μὲν,
2130,102429421,witnesses,117,μαρτύρων,
2131,102429422,heard,117,ἀκηκόατε,
2132,102429424,men,117,ὦ,
2133,102429427,Consider,118,σκέψασθε,
2134,102429428,then,118,δὲ,
2135,102429429,for,118,παρ’,
2136,102429430,yourselves,118,ὑμῖν,
2137,102429431,yourselves,118,αὐτοῖς,
2138,102429432,in this way,118,οὕτως,
2139,102429433,regarding,118,περὶ,
2140,102429434,this,118,τούτου,
2141,102429435,this,118,τοῦ,
2142,102429436,affair,118,πράγματος,
2143,102429438,inquire,118,ζητοῦντες,
2144,102429439,whether,118,εἴ,
2145,102429440,any,118,τις,
2146,102429441,between me,118,ἐμοὶ,
2147,102429442,and,118,καὶ,
2148,102429443,Eratosthenes,118,Ἐρατοσθένει,
2149,102429444,hostility,118,ἔχθρα,
2150,102429445,ever,118,πώποτε,
2151,102429446,existed,118,γεγένηται,
2152,102429447,except,118,πλὴν,
2153,102429448,this,118,ταύτης,
2154,102429450,no one,119,οὐδεμίαν,
2155,102429451,For,119,γὰρ,
2156,102429452,will find,119,εὑρήσετε,
2157,102429456,For,120,γὰρ,
2158,102429454,not,120,οὔ,
2159,102429455,did,120,-τε,
2160,102429457,slander,120,συκοφαντῶν,
2161,102429458,suit,120,γραφάς,
2162,102429459,me,120,με,
2163,102429460,bring,120,ἐγράψατο,
2164,102429462,nor,120,οὔ,
2165,102429463,did,120,-τε,
2166,102429464,attempt,120,ἐκβάλλειν,
2167,102429465,expel,120,ἐκ,
2168,102429466,from,120,τῆς,
2169,102429467,the city,120,πόλεως,
2170,102429470,nor,120,οὔ,
2171,102429471,was,120,-τε,
2172,102429472,private,120,ἰδίας,
2173,102429473,lawsuits,120,δίκας,
2174,102429474,tried,120,ἐδικάζετο,
2175,102429476,nor,120,οὔ,
2176,102429477,did,120,-τε,
2177,102429478,have,120,συνῄδει,
2178,102429479,bad,120,κακὸν,
2179,102429480,conscience,120,οὐδὲν,
2180,102429481,at all,120,ὃ,
2181,102429482,I,120,ἐγὼ,
2182,102429487,wanted,120,ἐπεθύμουν,
2183,102429488,him,120,αὐτὸν,
2184,102429489,destroy,120,ἀπολέσαι,
2185,102429483,fearing,120,δεδιὼς,
2186,102429484,lest,120,μή,
2187,102429485,anyone,120,τις,
2188,102429486,hear,120,πύθηται,
2189,102429491,nor,120,οὔ,
2190,102429492,did,120,-τε,
2191,102429497,hope,120,ἤλπιζόν,
2192,102429498,from,120,ποθεν,
2193,102429499,money,120,χρήματα,
2194,102429500,get,120,λήψεσθαι,
2195,102429493,if,120,εἰ,
2196,102429494,this,120,ταῦτα,
2197,102429495,accomplish,120,διαπραξαίμην,
2198,102429503,For,121,γὰρ,
2199,102429502,some,121,ἔνιοι,
2200,102429504,such,121,τοιούτων,
2201,102429505,matters,121,πραγμάτων,
2202,102429506,for,121,ἕνεκα,
2203,102429507,death,121,θάνατον,
2204,102429508,against one another,121,ἀλλήλοις,
2205,102429509,plot,121,ἐπιβουλεύουσι,
2206,102429512,Therefore,122,τοίνυν,
2207,102429513,must,122,δεῖ,
2208,102429513,have,122,δεῖ,
2209,102429513,been,122,δεῖ,
2210,102429520,some,122,τις,
2211,102429515,abuse,122,λοιδορία,
2212,102429516,or,122,ἢ,
2213,102429517,drunkenness,122,παροινία,
2214,102429518,or,122,ἢ,
2215,102429519,other,122,ἄλλη,
2216,102429521,quarrel,122,διαφορὰ,
2217,102429522,between,122,ἡμῖν,
2218,102429522,us,122,ἡμῖν,
2219,102429525,so,122,ὥστε,
2220,102429525,that,122,ὥστε,
2221,102429526,never,122,οὐ,
2222,102429528,seen,122,ἑωρακὼς,
2223,102429529,I,122,ἦ,
2224,102429530,the,122,τὸν,
2225,102429531,man,122,ἄνθρωπον,
2226,102429532,at,122,πώποτε,
2227,102429532,any,122,πώποτε,
2228,102429532,time,122,πώποτε,
2229,102429533,except,122,πλὴν,
2230,102429534,on,122,ἐν,
2231,102429535,that,122,ἐκείνῃ,
2232,102429536,,122,τῇ,
2233,102429537,night,122,νυκτί,
2234,102429539,what,123,τί,
2235,102429540,would,123,ἄν,
2236,102429541,reason,123,οὖν,
2237,102429542,wishing,123,βουλόμενος,
2238,102429543,I,123,ἐγὼ,
2239,102429544,such,123,τοιοῦτον,
2240,102429545,risk,123,κίνδυνον,
2241,102429546,run,123,ἐκινδύνευον,
2242,102429548,unless,123,εἰ,
2243,102429549,had,123,μὴ,
2244,102429550,been,123,τὸ,
2245,102429551,wronged,123,μέγιστον,
2246,102429552,by,123,τῶν,
2247,102429553,him,123,ἀδικημάτων,
2248,102429554,in,123,ἦ,
2249,102429555,the,123,ὑπ’,
2250,102429556,greatest,123,αὐτοῦ,
2251,102429557,of,123,ἠδικημένος,
2252,102429558,crimes,123,;,
2253,102429559,Furthermore,124,ἔπειτα,
2254,102429560,having summoned,124,παρακαλέσας,
2255,102429561,himself,124,αὐτὸς,
2256,102429562,witnesses,124,μάρτυρας,
2257,102429563,acted impiously,124,ἠσέβουν,
2258,102429565,permissible,124,ἐξόν,
2259,102429566,for me,124,μοι,
2260,102429568,if,124,εἴπερ,
2261,102429569,unjustly,124,ἀδίκως,
2262,102429570,desired,124,ἐπεθύμουν,
2263,102429571,him,124,αὐτὸν,
2264,102429572,destroy,124,ἀπολέσαι,
2265,102429574,none,124,μηδένα,
2266,102429575,of these men,124,μοι,
2267,102429576,of these men,124,τούτων,
2268,102429577,aware,124,συνειδέναι,
2269,102429579,I,125,ἐγὼ,
2270,102429580,then,125,μὲν,
2271,102429581,then,125,οὖν,
2272,102429583,men,125,ὦ,
2273,102429584,jury,125,ἄνδρες,
2274,102429586,not,125,οὐκ,
2275,102429590,believe,125,νομίζω,
2276,102429591,this,125,ταύτην,
2277,102429592,come,125,γενέσθαι,
2278,102429593,punishment,125,τὴν,
2279,102429594,punishment,125,τιμωρίαν,
2280,102429587,private,125,ἰδίαν,
2281,102429588,interest,125,ὑπὲρ,
2282,102429589,private,125,ἐμαυτοῦ,
2283,102429596,rather,125,ἀλλ’,
2284,102429597,sake,125,ὑπὲρ,
2285,102429598,city,125,τῆς,
2286,102429599,city,125,πόλεως,
2287,102429600,entire,125,ἁπάσης,
2288,102429603,For,126,γὰρ,
2289,102429602,those,126,οἱ,
2290,102429605,commit,126,πράττοντες,
2291,102429604,such,126,τοιαῦτα,
2292,102429614,crimes,126,ἁμαρτημάτων,
2293,102429607,seeing,126,ὁρῶντες,
2294,102429608,what,126,οἷα,
2295,102429610,rewards,126,ἆθλα,
2296,102429611,are set out,126,πρόκειται,
2297,102429613,such,126,τοιούτων,
2298,102429614,crimes,126,ἁμαρτημάτων,
2299,102429620,will make,126,ἐξαμαρτήσονται,
2300,102429616,fewer,126,ἧττον,
2301,102429619,mistakes,126,ἄλλους,
2302,102429617,against,126,εἰς,
2303,102429619,others,126,ἄλλους,
2304,102429622,if,126,ἐὰν,
2305,102429623,they,126,καὶ,
2306,102429625,see,126,ὁρῶσι,
2307,102429624,you,126,ὑμᾶς,
2308,102429629,holding,126,ἔχοντας,
2309,102429627,the same,126,αὐτὴν,
2310,102429628,opinion,126,γνώμην,
2311,102429631,if,127,εἰ,
2312,102429632,And,127,δὲ,
2313,102429633,not,127,μή,
2314,102429635,far,127,πολὺ,
2315,102429636,better,127,κάλλιον,
2316,102429637,the,127,τοὺς,
2317,102429638,existing,127,μὲν,
2318,102429639,laws,127,κειμένους,
2319,102429640,erase,127,νόμους,
2320,102429643,establish,127,ἑτέρους,
2321,102429644,others,127,δὲ,
2322,102429647,which,127,οἵτινες,
2323,102429648,those,127,τοὺς,
2324,102429649,who,127,μὲν,
2325,102429650,guard,127,φυλάττοντας,
2326,102429651,their,127,τὰς,
2327,102429652,wives,127,ἑαυτῶν,
2328,102429653,with,127,γυναῖκας,
2329,102429654,penalties,127,ταῖς,
2330,102429655,punish,127,ζημίαις,
2331,102429656,but,127,ζημιώσουσι,
2332,102429658,will,127,τοῖς,
2333,102429659,grant,127,δὲ,
2334,102429660,great,127,βουλομένοις,
2335,102429661,license,127,εἰς,
2336,102429662,to,127,αὐτὰς,
2337,102429663,those,127,ἁμαρτάνειν,
2338,102429664,wishing,127,πολλὴν,
2339,102429665,to,127,ἄδειαν,
2340,102429666,sin,127,ποιήσουσι,
2341,102429667,against,127,.,
2342,102429669,For,128,γὰρ,
2343,102429670,it,128,οὕτω,
2344,102429668,not,128,πολὺ,
2345,102429671,more just,128,δικαιότερον,
2346,102429677,citizens,128,πολίτας,
2347,102429678,lie in wait,128,ἐνεδρεύεσθαι,
2348,102429674,under,128,τῶν,
2349,102429675,laws,128,νόμων,
2350,102429680,which,128,οἳ,
2351,102429681,command,128,κελεύουσι,
2352,102429684,that,128,ἐάν,
2353,102429685,anyone,128,τις,
2354,102429687,catches,128,λάβῃ,
2355,102429686,an adulterer,128,μοιχὸν,
2356,102429689,he,128,ὅ,
2357,102429690,whatever,128,τι,
2358,102429691,he,128,ἂν,
2359,102429693,wishes,128,βούληται,
2360,102429694,use,128,χρῆσθαι,
2361,102429697,but,128,δ’,
2362,102429698,also,128,ἀγῶνες,
2363,102429702,that,128,καθεστήκασιν,
2364,102429698,trials,128,ἀγῶνες,
2365,102429700,for,128,τοῖς,
2366,102429701,the injured,128,ἀδικουμένοις,
2367,102429703,are,128,ἢ,
2368,102429699,more severe,128,δεινότεροι,
2369,102429704,than,128,τοῖς,
2370,102429706,for,128,τοὺς,
2371,102429706,those,128,τοὺς,
2372,102429710,shame,128,καταισχύνουσι,
2373,102429709,others',128,ἀλλοτρίας,
2374,102429711,wives,128,γυναῖκας,
2375,102429705,in violation of,128,παρὰ,
2376,102429707,the laws,128,νόμους,
2377,102429714,For,129,γὰρ,
2378,102429713,I,129,ἐγὼ,
2379,102429715,now,129,νῦν,
2380,102429729,am in danger,129,κινδυνεύω,
2381,102429716,both,129,καὶ,
2382,102429717,concerning,129,περὶ,
2383,102429718,my,129,τοῦ,
2384,102429719,body,129,σώματος,
2385,102429720,and,129,καὶ,
2386,102429721,concerning,129,περὶ,
2387,102429722,my,129,τῶν,
2388,102429723,property,129,χρημάτων,
2389,102429724,and,129,καὶ,
2390,102429725,concerning,129,περὶ,
2391,102429726,all,129,τῶν,
2392,102429727,other,129,ἄλλων,
2393,102429728,things,129,ἁπάντων,
2394,102429731,because,129,ὅτι,
2395,102429732,the,129,τοῖς,
2396,102429733,of the,129,τῆς,
2397,102429734,city,129,πόλεως,
2398,102429735,laws,129,νόμοις,
2399,102429736,obeyed,129,ἐπειθόμην,
