,greek_id,greek_word,gloss,sent_id
0,102426909,περὶ,of,0
1,102426910,πολλοῦ,much,0
2,102426911,ἂν,would,0
3,102426912,ποιησαίμην,I would do,0
4,102426913,",",",",0
5,102426914,ὦ,O,0
6,102426915,ἄνδρες,men,0
7,102426916,",",",",0
8,102426917,τὸ,the,0
9,102426918,τοιούτους,such,0
10,102426919,ὑμᾶς,you,0
11,102426920,ἐμοὶ,my,0
12,102426921,δικαστὰς,judges,0
13,102426922,περὶ,concerning,0
14,102426923,τούτου,of this,0
15,102426924,τοῦ,the,0
16,102426925,πράγματος,matter,0
17,102426926,γενέσθαι,to become,0
18,102426927,",",",",0
19,102426928,οἷοίπερ,such as,0
20,102426929,ἂν,would,0
21,102426930,ὑμῖν,to you,0
22,102426931,αὐτοῖς,yourselves,0
23,102426932,εἴητε,you were,0
24,102426933,τοιαῦτα,such things,0
25,102426934,πεπονθότες,having suffered,0
26,102426935,.,.,0
27,102426936,εὖ,well,1
28,102426937,γὰρ,for,1
29,102426938,οἶδ’,know,1
30,102426939,ὅτι,that,1
31,102426940,",",",",1
32,102426941,εἰ,if,1
33,102426942,τὴν,the,1
34,102426943,αὐτὴν,same,1
35,102426944,γνώμην,opinion,1
36,102426945,περὶ,about,1
37,102426946,τῶν,of the,1
38,102426947,ἄλλων,others,1
39,102426948,ἔχοιτε,you had,1
40,102426949,",",",",1
41,102426950,ἥνπερ,such as,1
42,102426951,περὶ,about,1
43,102426952,ὑμῶν,of you,1
44,102426953,αὐτῶν,your,1
45,102426954,",",",",1
46,102426955,οὐκ,not,1
47,102426956,ἂν,would,1
48,102426957,εἴη,would be,1
49,102426958,.,.,1
50,102426959,ὅστις,whoever,2
51,102426960,οὐκ,not,2
52,102426961,ἐπὶ,on,2
53,102426962,τοῖς,the,2
54,102426963,γεγενημένοις,things that have happened,2
55,102426964,ἀγανακτοίη,were angry,2
56,102426965,",",",",2
57,102426966,ἀλλὰ,but,2
58,102426967,πάντες,everyone,2
59,102426968,ἂν,would,2
60,102426969,περὶ,about,2
61,102426970,τῶν,of the,2
62,102426971,τὰ,those,2
63,102426972,τοιαῦτα,such things,2
64,102426973,ἐπιτηδευόντων,of those pursuing,2
65,102426974,τὰς,the,2
66,102426975,ζημίας,penalties,2
67,102426976,μικρὰς,small,2
68,102426977,ἡγοῖσθε,would consider,2
69,102426978,.,.,2
70,102426979,καὶ,and,3
71,102426980,ταῦτα,these things,3
72,102426981,οὐκ,not,3
73,102426982,ἂν,would,3
74,102426983,εἴη,would be,3
75,102426984,μόνον,only,3
76,102426985,παρ’,among,3
77,102426986,ὑμῖν,you,3
78,102426987,οὕτως,thus,3
79,102426988,ἐγνωσμένα,known,3
80,102426989,",",",",3
81,102426990,ἀλλ’,but,3
82,102426991,ἐν,in,3
83,102426992,ἁπάσῃ,whole,3
84,102426993,τῇ,the,3
85,102426994,Ἑλλάδι,Greece,3
86,102426995,.,.,3
87,102426996,περὶ,about,4
88,102426997,τούτου,this,4
89,102426998,γὰρ,for,4
90,102426999,μόνου,only,4
91,102427000,τοῦ,the,4
92,102427001,ἀδικήματος,crime,4
93,102427002,καὶ,and,4
94,102427003,ἐν,in,4
95,102427004,δημοκρατίᾳ,in a democracy,4
96,102427005,καὶ,and,4
97,102427006,ὀλιγαρχίᾳ,oligarchy,4
98,102427007,ἡ,the,4
99,102427008,αὐτὴ,the same,4
100,102427009,τιμωρία,punishment,4
101,102427010,τοῖς,to,4
102,102427011,ἀσθενεστάτοις,the weakest,4
103,102427012,πρὸς,towards,4
104,102427013,τοὺς,the,4
105,102427014,τὰ,the,4
106,102427015,μέγιστα,the greatest,4
107,102427016,δυναμένους,powerful,4
108,102427017,ἀποδέδοται,has been assigned,4
109,102427018,",",",",4
110,102427019,ὥστε,so that,4
111,102427020,τὸν,the,4
112,102427021,χείριστον,worst,4
113,102427022,τῶν,of the,4
114,102427023,αὐτῶν,of them,4
115,102427024,τυγχάνειν,to happen,4
116,102427025,τῷ,the,4
117,102427026,βελτίστῳ,to the best,4
118,102427027,.,.,4
119,102427028,οὕτως,thus,5
120,102427029,",",",",5
121,102427030,ὦ,O,5
122,102427031,ἄνδρες,men,5
123,102427032,",",",",5
124,102427033,ταύτην,this,5
125,102427034,τὴν,the,5
126,102427035,ὕβριν,insolence,5
127,102427036,ἅπαντες,all,5
128,102427037,ἄνθρωποι,people,5
129,102427038,δεινοτάτην,most terrible,5
130,102427039,ἡγοῦνται,consider,5
131,102427040,.,.,5
132,102427041,περὶ,about,6
133,102427042,μὲν,indeed,6
134,102427043,οὖν,then,6
135,102427044,τοῦ,of the,6
136,102427045,μεγέθους,size,6
137,102427046,τῆς,the,6
138,102427047,ζημίας,of punishment,6
139,102427048,ἅπαντας,all,6
140,102427049,ὑμᾶς,you,6
141,102427050,νομίζω,I think,6
142,102427051,τὴν,the,6
143,102427052,αὐτὴν,the same,6
144,102427053,διάνοιαν,mind,6
145,102427054,ἔχειν,to have,6
146,102427055,",",",",6
147,102427056,καὶ,and,6
148,102427057,οὐδένα,not one,6
149,102427058,οὕτως,thus,6
150,102427059,ὀλιγώρως,contemptuously,6
151,102427060,διακεῖσθαι,to be disposed,6
152,102427061,",",",",6
153,102427062,ὅστις,anyone,6
154,102427063,οἴεται,thinks,6
155,102427064,δεῖν,to be necessary,6
156,102427065,συγγνώμης,forgiveness,6
157,102427066,τυγχάνειν,to receive,6
158,102427067,ἢ,or,6
159,102427068,μικρᾶς,of small,6
160,102427069,ζημίας,of a small penalty,6
161,102427070,ἀξίους,worthy,6
162,102427071,ἡγεῖται,thinks,6
163,102427072,τοὺς,the,6
164,102427073,τῶν,of the,6
165,102427074,τοιούτων,such,6
166,102427075,ἔργων,acts,6
167,102427076,αἰτίους,guilty,6
168,102427077,.,.,6
169,102427078,ἡγοῦμαι,I think,7
170,102427079,δέ,but,7
171,102427080,",",",",7
172,102427081,ὦ,O,7
173,102427082,ἄνδρες,men,7
174,102427083,",",",",7
175,102427084,τοῦτό,this,7
176,102427085,με,me,7
177,102427086,δεῖν,necessary,7
178,102427087,ἐπιδεῖξαι,to demonstrate,7
179,102427088,",",",",7
180,102427089,ὡς,that,7
181,102427090,ἐμοίχευεν,committed adultery,7
182,102427091,Ἐρατοσθένης,Eratosthenes,7
183,102427092,τὴν,the,7
184,102427093,γυναῖκα,wife,7
185,102427094,τὴν,the,7
186,102427095,ἐμὴν,my,7
187,102427096,καὶ,and,7
188,102427097,ἐκείνην,her,7
189,102427098,τε,and,7
190,102427099,διέφθειρε,ruined,7
191,102427100,καὶ,and,7
192,102427101,τοὺς,the,7
193,102427102,παῖδας,children,7
194,102427103,τοὺς,my,7
195,102427104,ἐμοὺς,my,7
196,102427105,ᾔσχυνε,shamed,7
197,102427106,καὶ,and,7
198,102427107,ἐμὲ,me,7
199,102427108,αὐτὸν,himself,7
200,102427109,ὕβρισεν,insulted,7
201,102427110,εἰς,into,7
202,102427111,τὴν,the,7
203,102427112,οἰκίαν,house,7
204,102427113,τὴν,the,7
205,102427114,ἐμὴν,my,7
206,102427115,εἰσιών,entering,7
207,102427116,",",",",7
208,102427117,καὶ,and,7
209,102427118,οὔ,not,7
210,102427119,-τε,-te,7
211,102427120,ἔχθρα,hostility,7
212,102427121,ἐμοὶ,to me,7
213,102427122,καὶ,and,7
214,102427123,ἐκείνῳ,him,7
215,102427124,οὐδεμία,no,7
216,102427125,ἦν,was,7
217,102427126,πλὴν,except,7
218,102427127,ταύτης,of this,7
219,102427128,",",",",7
220,102427129,οὔ,not,7
221,102427130,-τε,-te,7
222,102427131,χρημάτων,money,7
223,102427132,ἕνεκα,for the sake of,7
224,102427133,ἔπραξα,I did,7
225,102427134,ταῦτα,these,7
226,102427135,",",",",7
227,102427136,ἵνα,so that,7
228,102427137,πλούσιος,rich,7
229,102427138,ἐκ,from,7
230,102427139,πένητος,poor,7
231,102427140,γένωμαι,become,7
232,102427141,",",",",7
233,102427142,οὔ,not,7
234,102427143,-τε,-te,7
235,102427144,ἄλλου,any other,7
236,102427145,κέρδους,gain,7
237,102427146,οὐδενὸς,none,7
238,102427147,πλὴν,except,7
239,102427148,τῆς,of the,7
240,102427149,κατὰ,under,7
241,102427150,τοὺς,the,7
242,102427151,νόμους,laws,7
243,102427152,τιμωρίας,punishment,7
244,102427153,.,.,7
245,102427154,ἐγὼ,I,8
246,102427155,τοίνυν,then,8
247,102427156,ἐξ,from,8
248,102427157,ἀρχῆς,beginning,8
249,102427158,ὑμῖν,you,8
250,102427159,ἅπαντα,all,8
251,102427160,ἐπιδείξω,will show,8
252,102427161,τὰ,the,8
253,102427162,ἐμαυτοῦ,my,8
254,102427163,πράγματα,matters,8
255,102427164,",",",",8
256,102427165,οὐδὲν,nothing,8
257,102427166,παραλείπων,omitting,8
258,102427167,",",",",8
259,102427168,ἀλλὰ,but,8
260,102427169,λέγων,saying,8
261,102427170,τα-,these,8
262,102427171,τἀληθῆ,the true things,8
263,102427172,.,.,8
264,102427173,ταύτην,this,9
265,102427174,γὰρ,for,9
266,102427175,ἐμαυτῷ,for myself,9
267,102427176,μόνην,alone,9
268,102427177,ἡγοῦμαι,consider,9
269,102427178,σωτηρίαν,salvation,9
270,102427179,",",",",9
271,102427180,ἐὰν,if,9
272,102427181,ὑμῖν,to you,9
273,102427182,εἰπεῖν,to say,9
274,102427183,ἅπαντα,all,9
275,102427184,δυνηθῶ,may I be able,9
276,102427185,τὰ,the,9
277,102427186,πεπραγμένα,things done,9
278,102427187,.,.,9
279,102427188,ἐγὼ,I,10
280,102427189,γάρ,for,10
281,102427190,",",",",10
282,102427191,ὦ,O,10
283,102427192,Ἀθηναῖοι,Athenians,10
284,102427193,",",",",10
285,102427194,ἐπειδὴ,when,10
286,102427195,ἔδοξέ,it seemed good,10
287,102427196,μοι,me,10
288,102427197,γῆμαι,to marry,10
289,102427198,καὶ,and,10
290,102427199,γυναῖκα,wife,10
291,102427200,ἠγαγόμην,I brought,10
292,102427201,εἰς,into,10
293,102427202,τὴν,the,10
294,102427203,οἰκίαν,house,10
295,102427204,",",",",10
296,102427205,τὸν,the,10
297,102427206,μὲν,on the one hand,10
298,102427207,ἄλλον,other,10
299,102427208,χρόνον,time,10
300,102427209,οὕτω,thus,10
301,102427210,διεκείμην,I conducted myself,10
302,102427211,ὥστε,so that,10
303,102427212,μή,not,10
304,102427213,-τε,neither,10
305,102427214,λυπεῖν,to grieve,10
306,102427215,μή,not,10
307,102427216,-τε,-or,10
308,102427217,λίαν,excessively,10
309,102427218,ἐπ',on,10
310,102427219,ἐκείνῃ,her,10
311,102427220,εἶναι,to be,10
312,102427221,ὅ,what,10
313,102427222,τι,whatever,10
314,102427223,ἂν,an,10
315,102427224,ἐθέλῃ,wished,10
316,102427225,ποιεῖν,to do,10
317,102427226,",",",",10
318,102427227,ἐφύλαττόν,I guarded,10
319,102427228,τε,and,10
320,102427229,ὡς,as,10
321,102427230,οἷόν,possible,10
322,102427231,τε,and,10
323,102427232,ἦν,was,10
324,102427233,",",",",10
325,102427234,καὶ,and,10
326,102427235,προσεῖχον,paid attention,10
327,102427236,τὸν,the,10
328,102427237,νοῦν,mind,10
329,102427238,ὥσπερ,just as,10
330,102427239,εἰκὸς,appropriate,10
331,102427240,ἦν,was,10
332,102427241,.,.,10
333,102427242,ἐπειδὴ,since,11
334,102427243,δέ,but,11
335,102427244,μοι,to me,11
336,102427245,παιδίον,child,11
337,102427246,γίγνεται,comes into being,11
338,102427247,",",",",11
339,102427248,ἐπίστευον,I believed,11
340,102427249,ἤδη,already,11
341,102427250,καὶ,and,11
342,102427251,πάντα,everything,11
343,102427252,τὰ,the,11
344,102427253,ἐμαυτοῦ,my own,11
345,102427254,ἐκείνῃ,her,11
346,102427255,παρέδωκα,handed over,11
347,102427256,",",",",11
348,102427257,ἡγούμενος,considering,11
349,102427258,ταύτην,this,11
350,102427259,οἰκειότητα,familiarity,11
351,102427260,μεγίστην,greatest,11
352,102427261,εἶναι,to be,11
353,102427262,.,.,11
354,102427263,ἐν,in,12
355,102427264,μὲν,indeed,12
356,102427265,οὖν,then,12
357,102427266,τῷ,the,12
358,102427267,πρώτῳ,first,12
359,102427268,χρόνῳ,time,12
360,102427269,",",",",12
361,102427270,ὦ,O,12
362,102427271,Ἀθηναῖοι,Athenians,12
363,102427272,",",",",12
364,102427273,πασῶν,of all,12
365,102427274,ἦν,was,12
366,102427275,βελτίστη,best,12
367,102427276,.,.,12
368,102427277,καὶ,for,13
369,102427278,γὰρ,for,13
370,102427279,οἰκονόμος,steward,13
371,102427280,δεινὴ,severe,13
372,102427281,καὶ,and,13
373,102427282,φειδωλὸς,frugal,13
374,102427283,ἀγαθὴ,good,13
375,102427284,καὶ,and,13
376,102427285,ἀκριβῶς,accurately,13
377,102427286,πάντα,everything,13
378,102427287,διοικοῦσα,managing,13
379,102427288,.,.,13
380,102427289,ἐπειδὴ,since,14
381,102427290,δέ,but,14
382,102427291,μοι,my,14
383,102427292,ἡ,the,14
384,102427293,μήτηρ,mother,14
385,102427294,ἐτελεύτησε,died,14
386,102427295,",",",",14
387,102427296,πάντων,all,14
388,102427297,τῶν,of the,14
389,102427298,κακῶν,of evils,14
390,102427299,ἀποθανοῦσα,having died,14
391,102427300,αἰτία,cause,14
392,102427301,μοι,to me,14
393,102427302,γεγένηται,become,14
394,102427303,.,.,14
395,102427304,ἐπ’,for,15
396,102427305,ἐκφορὰν,for a funeral,15
397,102427306,γὰρ,for,15
398,102427307,αὐτῇ,she,15
399,102427308,ἀκολουθήσασα,having followed,15
400,102427309,ἡ,the,15
401,102427310,ἐμὴ,my,15
402,102427311,γυνὴ,wife,15
403,102427312,ὑπὸ,by,15
404,102427313,τούτου,this,15
405,102427314,τοῦ,the,15
406,102427315,ἀνθρώπου,man,15
407,102427316,ὀφθεῖσα,having been seen,15
408,102427317,",",",",15
409,102427318,χρόνῳ,with time,15
410,102427319,διαφθείρεται,is being destroyed,15
411,102427320,.,.,15
412,102427321,ἐπιτηρῶν,watching,16
413,102427322,γὰρ,for,16
414,102427323,τὴν,the,16
415,102427324,θεράπαιναν,servant,16
416,102427325,τὴν,the,16
417,102427326,εἰς,into,16
418,102427327,τὴν,the,16
419,102427328,ἀγορὰν,marketplace,16
420,102427329,βαδίζουσαν,walking,16
421,102427330,καὶ,and,16
422,102427331,λόγους,words,16
423,102427332,προσφέρων,offering,16
424,102427333,ἀπώλεσεν,destroyed,16
425,102427334,αὐτήν,her,16
426,102427335,.,.,16
427,102427336,πρῶτον,first,17
428,102427337,μὲν,on the one hand,17
429,102427338,οὖν,therefore,17
430,102427339,",",",",17
431,102427340,ὦ,O,17
432,102427341,ἄνδρες,men,17
433,102427342,",",",",17
434,102427343,(,start paren,17
435,102427344,δεῖ,it is necessary,17
436,102427345,γὰρ,for,17
437,102427346,καὶ,also,17
438,102427347,ταῦθ’,these things,17
439,102427348,ὑμῖν,to you,17
440,102427349,διηγήσασθαι,to recount,17
441,102427350,),),17
442,102427351,οἰκίδιον,little house,17
443,102427352,ἔστι,is,17
444,102427353,μοι,to me,17
445,102427354,διπλοῦν,double,17
446,102427355,",",",",17
447,102427356,ἴσα,equal,17
448,102427357,ἔχον,having,17
449,102427358,τὰ,the things,17
450,102427359,ἄνω,upper,17
451,102427360,τοῖς,to,17
452,102427361,κάτω,below,17
453,102427362,κατὰ,along,17
454,102427363,τὴν,the,17
455,102427364,γυναικωνῖτιν,women's quarters,17
456,102427365,καὶ,and,17
457,102427366,κατὰ,down,17
458,102427367,τὴν,the,17
459,102427368,ἀνδρωνῖτιν,men's quarters,17
460,102427369,.,.,17
461,102427370,ἐπειδὴ,when,18
462,102427371,δὲ,but,18
463,102427372,τὸ,the,18
464,102427373,παιδίον,child,18
465,102427374,ἐγένετο,was born,18
466,102427375,ἡμῖν,to us,18
467,102427376,",",",",18
468,102427377,ἡ,the,18
469,102427378,μήτηρ,mother,18
470,102427379,αὐτὸ,him,18
471,102427380,ἐθήλαζεν,was suckling,18
472,102427381,.,.,18
473,102427382,ἵνα,so that,19
474,102427383,δὲ,but,19
475,102427384,μή,not,19
476,102427385,",",",",19
477,102427386,ὁπότε,whenever,19
478,102427387,λοῦσθαι,to bathe,19
479,102427388,δέοι,it was necessary,19
480,102427389,",",",",19
481,102427390,κινδυνεύῃ,should be in danger,19
482,102427391,κατὰ,down,19
483,102427392,τῆς,the,19
484,102427393,κλίμακος,ladder,19
485,102427394,καταβαίνουσα,descending,19
486,102427395,",",",",19
487,102427396,ἐγὼ,I,19
488,102427397,μὲν,on the one hand,19
489,102427398,ἄνω,up,19
490,102427399,διῃτώμην,I stayed,19
491,102427400,",",",",19
492,102427401,αἱ,the,19
493,102427402,δὲ,but,19
494,102427403,γυναῖκες,women,19
495,102427404,κάτω,down,19
496,102427405,.,.,19
497,102427406,καὶ,and,20
498,102427407,οὕτως,thus,20
499,102427408,ἤδη,already,20
500,102427409,συνειθισμένον,accustomed,20
501,102427410,ἦν,was,20
502,102427411,",",",",20
503,102427412,ὥστε,so that,20
504,102427413,πολλάκις,often,20
505,102427414,ἡ,the,20
506,102427415,γυνὴ,the woman,20
507,102427416,ἀπῄει,went away,20
508,102427417,κάτω,down,20
509,102427418,καθευδήσουσα,sleeping,20
510,102427419,ὡς,as if,20
511,102427420,τὸ,the,20
512,102427421,παιδίον,child,20
513,102427422,",",",",20
514,102427423,ἵνα,so that,20
515,102427424,τὸν,the,20
516,102427425,τιτθὸν,breast,20
517,102427426,αὐτῷ,to him,20
518,102427427,διδῷ,gives,20
519,102427428,καὶ,and,20
520,102427429,μὴ,not,20
521,102427430,βοᾷ,cry out,20
522,102427431,.,.,20
523,102427432,καὶ,and,21
524,102427433,ταῦτα,these things,21
525,102427434,πολὺν,long,21
526,102427435,χρόνον,time,21
527,102427436,οὕτως,in this way,21
528,102427437,ἐγίγνετο,was happening,21
529,102427438,",",",",21
530,102427439,καὶ,and,21
531,102427440,ἐγὼ,I,21
532,102427441,οὐδέποτε,never,21
533,102427442,ὑπώπτευσα,suspected,21
534,102427443,",",",",21
535,102427444,ἀλλ’,but,21
536,102427445,οὕτως,thus,21
537,102427446,ἠλιθίως,foolishly,21
538,102427447,διεκείμην,I was disposed,21
539,102427448,",",",",21
540,102427449,ὥστε,so that,21
541,102427450,ᾤμην,I thought,21
542,102427451,τὴν,the,21
543,102427452,ἐμαυτοῦ,my,21
544,102427453,γυναῖκα,wife,21
545,102427454,πασῶν,of all,21
546,102427455,σωφρονεστάτην,most prudent,21
547,102427456,εἶναι,to be,21
548,102427457,τῶν,of the,21
549,102427458,ἐν,in,21
550,102427459,τῇ,the,21
551,102427460,πόλει,city,21
552,102427461,.,.,21
553,102427462,προϊόντος,the time passing,22
554,102427463,δὲ,but,22
555,102427464,τοῦ,the,22
556,102427465,χρόνου,time,22
557,102427466,",",",",22
558,102427467,ὦ,men,22
559,102427468,ἄνδρες,men,22
560,102427469,",",",",22
561,102427470,ἧκον,came,22
562,102427471,μὲν,on the one hand,22
563,102427472,ἀπροσδοκήτως,unexpectedly,22
564,102427473,ἐξ,from,22
565,102427474,ἀγροῦ,from the country,22
566,102427475,",",",",22
567,102427476,μετὰ,after,22
568,102427477,δὲ,but,22
569,102427478,τὸ,the,22
570,102427479,δεῖπνον,dinner,22
571,102427480,τὸ,the,22
572,102427481,παιδίον,the child,22
573,102427482,ἐβόα,shouted,22
574,102427483,καὶ,and,22
575,102427484,ἐδυσκόλαινεν,was being difficult,22
576,102427485,ὑπὸ,by,22
577,102427486,τῆς,the,22
578,102427487,θεραπαίνης,servant,22
579,102427488,ἐπίτηδες,intentionally,22
580,102427489,λυπούμενον,being distressed,22
581,102427490,",",",",22
582,102427491,ἵνα,so that,22
583,102427492,ταῦτα,these things,22
584,102427493,ποιῇ,do,22
585,102427494,.,.,22
586,102427495,ὁ,the,23
587,102427496,γὰρ,for,23
588,102427497,ἄνθρωπος,man,23
589,102427498,ἔνδον,inside,23
590,102427499,ἦν,was,23
591,102427500,.,.,23
592,102427501,ὕστερον,later,24
593,102427502,γὰρ,for,24
594,102427503,ἅπαντα,everything,24
595,102427504,ἐπυθόμην,learned,24
596,102427505,.,.,24
597,102427506,καὶ,and,25
598,102427507,ἐγὼ,I,25
599,102427508,τὴν,the,25
600,102427509,γυναῖκα,wife,25
601,102427510,ἀπιέναι,to go away,25
602,102427511,ἐκέλευον,I ordered,25
603,102427512,καὶ,and,25
604,102427513,δοῦναι,to give,25
605,102427514,τῷ,the,25
606,102427515,παιδίῳ,child,25
607,102427516,τὸν,the,25
608,102427517,τιτθόν,breast,25
609,102427518,",",",",25
610,102427519,ἵνα,so that,25
611,102427520,παύσηται,cease,25
612,102427521,κλᾶον,crying,25
613,102427522,.,.,25
614,102427523,ἡ,she,26
615,102427524,δὲ,but,26
616,102427525,τὸ,the,26
617,102427526,μὲν,on the one hand,26
618,102427527,πρῶτον,first,26
619,102427528,οὐκ,not,26
620,102427529,ἤθελεν,was willing,26
621,102427530,",",",",26
622,102427531,ὡς,as if,26
623,102427532,ἂν,if,26
624,102427533,ἀσμένη,gladly,26
625,102427534,με,me,26
626,102427535,ἑωρακυῖα,having seen,26
627,102427536,ἥκοντα,having come,26
628,102427537,διὰ,through,26
629,102427538,χρόνου,time,26
630,102427539,.,.,26
631,102427540,ἐπειδὴ,when,27
632,102427541,δὲ,but,27
633,102427542,ἐγὼ,I,27
634,102427543,ὠργιζόμην,was angry,27
635,102427544,καὶ,and,27
636,102427545,ἐκέλευον,ordered,27
637,102427546,αὐτὴν,her,27
638,102427547,ἀπιέναι,to go away,27
639,102427548,",",",",27
640,102427549,,,27
641,102427550,ἵνα,in order that,27
642,102427551,σύ,you,27
643,102427552,γε,indeed,27
644,102427553,,,27
645,102427554,ἔφη,said,27
646,102427555,,,27
647,102427556,πειρᾷς,try,27
648,102427557,ἐνταῦθα,here,27
649,102427558,τὴν,the,27
650,102427559,παιδίσκην,maiden,27
651,102427560,.,.,27
652,102427561,καὶ,and,28
653,102427562,πρότερον,earlier,28
654,102427563,δὲ,but,28
655,102427564,μεθύων,drunk,28
656,102427565,εἷλκες,you dragged,28
657,102427566,αὐτήν,her,28
658,102427567,,,28
659,102427568,.,.,28
660,102427569,κα-,and,29
661,102427570,κἀγὼ,and I,29
662,102427571,μὲν,indeed,29
663,102427572,ἐγέλων,laughing,29
664,102427573,",",",",29
665,102427574,ἐκείνη,she,29
666,102427575,δὲ,but,29
667,102427576,ἀναστᾶσα,rising,29
668,102427577,καὶ,and,29
669,102427578,ἀπιοῦσα,going away,29
670,102427579,προστίθησι,puts,29
671,102427580,τὴν,the,29
672,102427581,θύραν,door,29
673,102427582,",",",",29
674,102427583,προσποιουμένη,pretending,29
675,102427584,παίζειν,to play,29
676,102427585,",",",",29
677,102427586,καὶ,and,29
678,102427587,τὴν,the,29
679,102427588,κλεῖν,key,29
680,102427589,ἐφέλκεται,pulls,29
681,102427590,.,.,29
682,102427591,κα-,and,30
683,102427592,κἀγὼ,I,30
684,102427593,τούτων,of these,30
685,102427594,οὐδὲν,nothing,30
686,102427595,ἐνθυμούμενος,thinking,30
687,102427596,οὐ,not,30
688,102427597,-δ’,and,30
689,102427598,ὑπονοῶν,suspecting,30
690,102427599,ἐκάθευδον,was sleeping,30
691,102427600,ἄσμενος,happily,30
692,102427601,",",",",30
693,102427602,ἥκων,coming,30
694,102427603,ἐξ,from,30
695,102427604,ἀγροῦ,field,30
696,102427605,.,.,30
697,102427606,ἐπειδὴ,since,31
698,102427607,δὲ,but,31
699,102427608,ἦν,was,31
700,102427609,πρὸς,toward,31
701,102427610,ἡμέραν,day,31
702,102427611,",",",",31
703,102427612,ἧκεν,sent,31
704,102427613,ἐκείνη,she,31
705,102427614,καὶ,and,31
706,102427615,τὴν,the,31
707,102427616,θύραν,door,31
708,102427617,ἀνέῳξεν,opened,31
709,102427618,.,.,31
710,102427619,ἐρομένου,being asked,32
711,102427620,δέ,but,32
712,102427621,μου,my,32
713,102427622,τί,somewhat,32
714,102427623,αἱ,the,32
715,102427624,θύραι,doors,32
716,102427625,νύκτωρ,at night,32
717,102427626,ψοφοῖεν,were making noise,32
718,102427627,",",",",32
719,102427628,ἔφασκε,he was saying,32
720,102427629,τὸν,the,32
721,102427630,λύχνον,lamp,32
722,102427631,ἀποσβεσθῆναι,to be extinguished,32
723,102427632,τὸν,the,32
724,102427633,παρὰ,beside,32
725,102427634,τῷ,the,32
726,102427635,παιδίῳ,child,32
727,102427636,",",",",32
728,102427637,εἶτα,then,32
729,102427638,ἐκ,from,32
730,102427639,τῶν,the,32
731,102427640,γειτόνων,neighbors,32
732,102427641,ἐνάψασθαι,to light,32
733,102427642,.,.,32
734,102427643,ἐσιώπων,was silent,33
735,102427644,ἐγὼ,I,33
736,102427645,καὶ,and,33
737,102427646,ταῦτα,these things,33
738,102427647,οὕτως,thus,33
739,102427648,ἔχειν,to be,33
740,102427649,ἡγούμην,I considered,33
741,102427650,.,.,33
742,102427651,ἔδοξε,it seemed,34
743,102427652,δέ,but,34
744,102427653,μοι,me,34
745,102427654,",",",",34
746,102427655,ὦ,O,34
747,102427656,ἄνδρες,men,34
748,102427657,",",",",34
749,102427658,τὸ,the,34
750,102427659,πρόσωπον,face,34
751,102427660,ἐψιμυθιῶσθαι,to disguise,34
752,102427661,",",",",34
753,102427662,τοῦ,of the,34
754,102427663,ἀδελφοῦ,of the brother,34
755,102427664,τεθνεῶτος,after having died,34
756,102427665,οὔπω,not yet,34
757,102427666,τριάκονθ’,thirty,34
758,102427667,ἡμέρας,days,34
759,102427668,.,.,34
760,102427669,ὅμως,however,35
761,102427670,δ’,but,35
762,102427671,οὐ,not,35
763,102427672,-δ’,and,35
764,102427673,οὕτως,thus,35
765,102427674,οὐδὲν,nothing,35
766,102427675,εἰπὼν,having said,35
767,102427676,περὶ,about,35
768,102427677,τοῦ,the,35
769,102427678,πράγματος,matter,35
770,102427679,ἐξελθὼν,having gone out,35
771,102427680,ᾠχόμην,I was going away,35
772,102427681,ἔξω,out,35
773,102427682,σιωπῇ,silently,35
774,102427683,.,.,35
775,102427684,μετὰ,after,36
776,102427685,δὲ,but,36
777,102427686,ταῦτα,after,36
778,102427687,",",",",36
779,102427688,ὦ,O,36
780,102427689,ἄνδρες,gentlemen,36
781,102427690,",",",",36
782,102427691,χρόνου,time,36
783,102427692,μεταξὺ,between,36
784,102427693,διαγενομένου,passing,36
785,102427694,καὶ,and,36
786,102427695,ἐμοῦ,my,36
787,102427696,πολὺ,much,36
788,102427697,ἀπολελειμμένου,having been left,36
789,102427698,τῶν,of the,36
790,102427699,ἐμαυτοῦ,my own,36
791,102427700,κακῶν,evils,36
792,102427701,",",",",36
793,102427702,προσέρχεταί,comes,36
794,102427703,μοί,to me,36
795,102427704,τις,a,36
796,102427705,πρεσβῦτις,old woman,36
797,102427706,ἄνθρωπος,person,36
798,102427707,",",",",36
799,102427708,ὑπὸ,by,36
800,102427709,γυναικὸς,woman,36
801,102427710,ὑποπεμφθεῖσα,sent,36
802,102427711,ἣν,whom,36
803,102427712,ἐκεῖνος,that man,36
804,102427713,ἐμοίχευεν,was committing adultery with,36
805,102427714,",",",",36
806,102427715,ὡς,as,36
807,102427716,ἐγὼ,I,36
808,102427717,ὕστερον,later,36
809,102427718,ἤκουον,heard,36
810,102427719,.,.,36
811,102427720,αὕτη,she,37
812,102427721,δὲ,but,37
813,102427722,ὀργιζομένη,being angry,37
814,102427723,καὶ,and,37
815,102427724,ἀδικεῖσθαι,to be wronged,37
816,102427725,νομίζουσα,thinking,37
817,102427726,",",",",37
818,102427727,ὅτι,that,37
819,102427728,οὐκέτι,no longer,37
820,102427729,ὁμοίως,equally,37
821,102427730,ἐφοίτα,he used to visit,37
822,102427731,παρ’,to,37
823,102427732,αὐτήν,her,37
824,102427733,",",",",37
825,102427734,ἐφύλαττεν,was guarding,37
826,102427735,ἕως,until,37
827,102427736,ἐξηῦρεν,found,37
828,102427737,ὅ,what,37
829,102427738,τι,what,37
830,102427739,εἴη,were,37
831,102427740,τὸ,the,37
832,102427741,αἴτιον,reason,37
833,102427742,.,.,37
834,102427743,προσελθοῦσα,having approached,38
835,102427744,οὖν,then,38
836,102427745,μοι,to me,38
837,102427746,ἐγγὺς,near,38
838,102427747,ἡ,the,38
839,102427748,ἄνθρωπος,person,38
840,102427749,τῆς,the,38
841,102427750,οἰκίας,house,38
842,102427751,τῆς,the,38
843,102427752,ἐμῆς,my,38
844,102427753,ἐπιτηροῦσα,watching,38
845,102427754,",",",",38
846,102427755,,,38
847,102427756,εὐφίλητε,kindly,38
848,102427757,,,38
849,102427758,ἔφη,said,38
850,102427759, , ,38
851,102427760,μηδεμιᾷ,no,38
852,102427761,πολυπραγμοσύνῃ,curiosity,38
853,102427762,προσεληλυθέναι,have approached,38
854,102427763,με,me,38
855,102427764,νόμιζε,think,38
856,102427765,πρὸς,toward,38
857,102427766,σέ,you,38
858,102427767,,,38
859,102427768,.,.,38
860,102427769,,,39
861,102427770,ὁ,the,39
862,102427771,γὰρ,for,39
863,102427772,ἀνὴρ,man,39
864,102427773,ὁ,the,39
865,102427774,ὑβρίζων,insulting,39
866,102427775,εἰς,towards,39
867,102427776,σὲ,you,39
868,102427777,καὶ,and,39
869,102427778,τὴν,the,39
870,102427779,σὴν,your,39
871,102427780,γυναῖκα,wife,39
872,102427781,ἐχθρὸς,hostile,39
873,102427782,ὢν,being,39
874,102427783,ἡμῖν,us,39
875,102427784,τυγχάνει,happens to be,39
876,102427785,.,.,39
877,102427786,ἐὰν,if,40
878,102427787,οὖν,then,40
879,102427788,λάβῃς,if you take,40
880,102427789,τὴν,the,40
881,102427790,θεράπαιναν,the slave-woman,40
882,102427791,τὴν,the,40
883,102427792,εἰς,to,40
884,102427793,ἀγορὰν,marketplace,40
885,102427794,βαδίζουσαν,walking,40
886,102427795,καὶ,and,40
887,102427796,διακονοῦσαν,serving,40
888,102427797,ὑμῖν,you,40
889,102427798,καὶ,and,40
890,102427799,βασανίσῃς,torture,40
891,102427800,",",",",40
892,102427801,ἅπαντα,everything,40
893,102427802,πεύσῃ,you will learn,40
894,102427803,.,.,40
895,102427804,ἔστι,there is,41
896,102427805,δ’,but,41
897,102427806,,,41
898,102427807,ἔφη,said,41
899,102427808,,,41
900,102427809,Ἐρατοσθένης,Eratosthenes,41
901,102427810,Ὀῆθεν,from Oea,41
902,102427811,ὁ,the,41
903,102427812,ταῦτα,these,41
904,102427813,πράττων,practicing,41
905,102427814,",",",",41
906,102427815,ὃς,who,41
907,102427816,οὐ,not,41
908,102427817,μόνον,only,41
909,102427818,τὴν,the,41
910,102427819,σὴν,your,41
911,102427820,γυναῖκα,wife,41
912,102427821,διέφθαρκεν,had corrupted,41
913,102427822,ἀλλὰ,but,41
914,102427823,καὶ,and,41
915,102427824,ἄλλας,other,41
916,102427825,πολλάς,many,41
917,102427826,.,.,41
918,102427827,ταύτην,this,42
919,102427828,γὰρ,for,42
920,102427829,τὴν,this,42
921,102427830,τέχνην,art,42
922,102427831,ἔχει,has,42
923,102427832,, ,42
924,102427833,.,.,42
925,102427834,ταῦτα,these things,43
926,102427835,εἰποῦσα,having said,43
927,102427836,",",",",43
928,102427837,ὦ,O,43
929,102427838,ἄνδρες,men,43
930,102427839,",",",",43
931,102427840,ἐκείνη,she,43
932,102427841,μὲν,on the one hand,43
933,102427842,ἀπηλλάγη,was removed,43
934,102427843,",",",",43
935,102427844,ἐγὼ,I,43
936,102427845,δ',but,43
937,102427846,εὐθέως,immediately,43
938,102427847,ἐταραττόμην,was disturbed,43
939,102427848,",",",",43
940,102427849,καὶ,and,43
941,102427850,πάντα,everything,43
942,102427851,μου,my,43
943,102427852,εἰς,into,43
944,102427853,τὴν,the,43
945,102427854,γνώμην,opinion,43
946,102427855,εἰσῄει,entered,43
947,102427856,",",",",43
948,102427857,καὶ,and,43
949,102427858,μεστὸς,full,43
950,102427859,ἦ,was,43
951,102427860,ὑποψίας,suspicion,43
952,102427861,",",",",43
953,102427862,ἐνθυμούμενος,reflecting,43
954,102427863,μὲν,on the one hand,43
955,102427864,ὡς,that,43
956,102427865,ἀπεκλῄσθην,was barred,43
957,102427866,ἐν,in,43
958,102427867,τῷ,the,43
959,102427868,δωματίῳ,bedroom,43
960,102427869,",",",",43
961,102427870,ἀναμιμνῃσκόμενος,remembering,43
962,102427871,δὲ,but,43
963,102427872,ὅτι,that,43
964,102427873,ἐν,in,43
965,102427874,ἐκείνῃ,that,43
966,102427875,τῇ,that,43
967,102427876,νυκτὶ,night,43
968,102427877,ἐψόφει,made a noise,43
969,102427878,ἡ,the,43
970,102427879,μέταυλος,back,43
971,102427880,θύρα,door,43
972,102427881,καὶ,and,43
973,102427882,ἡ,the,43
974,102427883,αὔλειος,courtyard,43
975,102427884,",",",",43
976,102427885,ὃ,which,43
977,102427886,οὐδέποτε,never,43
978,102427887,ἐγένετο,happened,43
979,102427888,",",",",43
980,102427889,ἔδοξέ,it seemed,43
981,102427890,τέ,and,43
982,102427891,μοι,to me,43
983,102427892,ἡ,the,43
984,102427893,γυνὴ,woman,43
985,102427894,ἐψιμυθιῶσθαι,to lie,43
986,102427895,.,.,43
987,102427896,ταῦτά,these things,44
988,102427897,μου,my,44
989,102427898,πάντα,all,44
990,102427899,εἰς,into,44
991,102427900,τὴν,the,44
992,102427901,γνώμην,opinion,44
993,102427902,εἰσῄει,enters,44
994,102427903,",",",",44
995,102427904,καὶ,and,44
996,102427905,μεστὸς,full,44
997,102427906,ἦ,is,44
998,102427907,ὑποψίας,of suspicion,44
999,102427908,.,.,44
1000,102427909,ἐλθὼν,having come,45
1001,102427910,δὲ,but,45
1002,102427911,οἴκαδε,homeward,45
1003,102427912,ἐκέλευον,ordered,45
1004,102427913,ἀκολουθεῖν,to follow,45
1005,102427914,μοι,me,45
1006,102427915,τὴν,the,45
1007,102427916,θεράπαιναν,servant,45
1008,102427917,εἰς,into,45
1009,102427918,τὴν,the,45
1010,102427919,ἀγοράν,marketplace,45
1011,102427920,",",",",45
1012,102427921,ἀγαγὼν,leading,45
1013,102427922,δ’,and,45
1014,102427923,αὐτὴν,her,45
1015,102427924,ὡς,as,45
1016,102427925,τῶν,of the,45
1017,102427926,ἐπιτηδείων,acquaintance,45
1018,102427927,τινὰ,someone,45
1019,102427928,ἔλεγον,I said,45
1020,102427929,ὅτι,that,45
1021,102427930,ἐγὼ,I,45
1022,102427931,πάντα,everything,45
1023,102427932,εἴην,were,45
1024,102427933,πεπυσμένος,having learned,45
1025,102427934,τὰ,the,45
1026,102427935,γιγνόμενα,happening,45
1027,102427936,ἐν,in,45
1028,102427937,τῇ,the,45
1029,102427938,οἰκίᾳ,house,45
1030,102427939,.,.,45
1031,102427940,,,46
1032,102427941,σοὶ,to you,46
1033,102427942,οὖν,then,46
1034,102427943,,,46
1035,102427944,ἔφην,I said,46
1036,102427945, , ,46
1037,102427946,ἔξεστι,it is possible,46
1038,102427947,δυοῖν,two,46
1039,102427948,ὁπότερον,which,46
1040,102427949,βούλει,you want,46
1041,102427950,ἑλέσθαι,to choose,46
1042,102427951,",",",",46
1043,102427952,ἢ,or,46
1044,102427953,μαστιγωθεῖσαν,being whipped,46
1045,102427954,εἰς,into,46
1046,102427955,μύλωνα,mill,46
1047,102427956,ἐμπεσεῖν,to fall into,46
1048,102427957,καὶ,or,46
1049,102427958,μηδέποτε,never,46
1050,102427959,παύσασθαι,to stop,46
1051,102427960,κακοῖς,with evils,46
1052,102427961,τοιούτοις,such,46
1053,102427962,συνεχομένην,being held,46
1054,102427963,",",",",46
1055,102427964,ἢ,or,46
1056,102427965,κατειποῦσαν,saying,46
1057,102427966,ἅπαντα,all,46
1058,102427967,τα-,the,46
1059,102427968,τἀληθῆ,truths,46
1060,102427969,μηδὲν,nothing,46
1061,102427970,παθεῖν,to suffer,46
1062,102427971,κακόν,harm,46
1063,102427972,",",",",46
1064,102427973,ἀλλὰ,but,46
1065,102427974,συγγνώμης,forgiveness,46
1066,102427975,παρ’,from,46
1067,102427976,ἐμοῦ,from me,46
1068,102427977,τυχεῖν,to obtain,46
1069,102427978,τῶν,of the,46
1070,102427979,ἡμαρτημένων,of the things having been missed,46
1071,102427980,.,.,46
1072,102427981,ψεύσῃ,lie,47
1073,102427982,δὲ,but,47
1074,102427983,μηδέν,nothing,47
1075,102427984,",",",",47
1076,102427985,ἀλλὰ,but,47
1077,102427986,πάντα,all,47
1078,102427987,τα-,the,47
1079,102427988,τἀληθῆ,true,47
1080,102427989,λέγε,say,47
1081,102427990,,,47
1082,102427991,.,.,47
1083,102427992,κα-,and,48
1084,102427993,κἀκείνη,and she,48
1085,102427994,τὸ,the,48
1086,102427995,μὲν,indeed,48
1087,102427996,πρῶτον,first,48
1088,102427997,ἔξαρνος,denying,48
1089,102427998,ἦν,was,48
1090,102427999,",",",",48
1091,102428000,καὶ,and,48
1092,102428001,ποιεῖν,to do,48
1093,102428002,ἐκέλευεν,ordered,48
1094,102428003,ὅ,what,48
1095,102428004,τι,what,48
1096,102428005,βούλομαι,want,48
1097,102428006,.,.,48
1098,102428007,οὐδὲν,nothing,49
1099,102428008,γὰρ,for,49
1100,102428009,εἰδέναι,to know,49
1101,102428010,.,.,49
1102,102428011,ἐπειδὴ,when,50
1103,102428012,δὲ,but,50
1104,102428013,ἐγὼ,I,50
1105,102428014,ἐμνήσθην,I remembered,50
1106,102428015,Ἐρατοσθένους,of Eratosthenes,50
1107,102428016,πρὸς,to,50
1108,102428017,αὐτήν,her,50
1109,102428018,",",",",50
1110,102428019,καὶ,and,50
1111,102428020,εἶπον,said,50
1112,102428021,ὅτι,that,50
1113,102428022,οὗτος,this,50
1114,102428023,ὁ,the,50
1115,102428024,φοιτῶν,visiting,50
1116,102428025,εἴη,was,50
1117,102428026,πρὸς,toward,50
1118,102428027,τὴν,the,50
1119,102428028,γυναῖκα,wife,50
1120,102428029,",",",",50
1121,102428030,ἐξεπλάγη,was amazed,50
1122,102428031,ἡγησαμένη,thinking,50
1123,102428032,με,me,50
1124,102428033,πάντα,everything,50
1125,102428034,ἀκριβῶς,precisely,50
1126,102428035,ἐγνωκέναι,to have known,50
1127,102428036,.,.,50
1128,102428037,καὶ,and,51
1129,102428038,τότε,then,51
1130,102428039,ἤδη,already,51
1131,102428040,πρὸς,to,51
1132,102428041,τὰ,the,51
1133,102428042,γόνατά,knees,51
1134,102428043,μου,my,51
1135,102428044,πεσοῦσα,falling,51
1136,102428045,",",",",51
1137,102428046,καὶ,and,51
1138,102428047,πίστιν,assurance,51
1139,102428048,παρ’,from,51
1140,102428049,ἐμοῦ,from me,51
1141,102428050,λαβοῦσα,having received,51
1142,102428051,μηδὲν,nothing,51
1143,102428052,πείσεσθαι,to suffer,51
1144,102428053,κακόν,harm,51
1145,102428054,",",",",51
1146,102428055,κατηγόρει,she accused,51
1147,102428056,πρῶτον,first,51
1148,102428057,μὲν,on the one hand,51
1149,102428058,ὡς,that,51
1150,102428059,μετὰ,after,51
1151,102428060,τὴν,the,51
1152,102428061,ἐκφορὰν,funeral procession,51
1153,102428062,αὐτῇ,she,51
1154,102428063,προσίοι,should approach,51
1155,102428064,",",",",51
1156,102428065,ἔπειτα,then,51
1157,102428066,ὡς,that,51
1158,102428067,αὐτὴ,she,51
1159,102428068,τελευτῶσα,dying,51
1160,102428069,εἰσαγγείλειε,should report,51
1161,102428070,καὶ,and,51
1162,102428071,ὡς,that,51
1163,102428072,ἐκείνη,she,51
1164,102428073,τῷ,the,51
1165,102428074,χρόνῳ,in time,51
1166,102428075,πεισθείη,be persuaded,51
1167,102428076,",",",",51
1168,102428077,καὶ,and,51
1169,102428078,τὰς,the,51
1170,102428079,εἰσόδους,entrances,51
1171,102428080,οἷς,by which,51
1172,102428081,τρόποις,ways,51
1173,102428082,προσίοιτο,she approached,51
1174,102428083,",",",",51
1175,102428084,καὶ,and,51
1176,102428085,ὡς,that,51
1177,102428086,Θεσμοφορίοις,during the Thesmophoria,51
1178,102428087,ἐμοῦ,of me,51
1179,102428088,ἐν,in,51
1180,102428089,ἀγρῷ,field,51
1181,102428090,ὄντος,being,51
1182,102428091,ᾤχετο,she went,51
1183,102428092,εἰς,to,51
1184,102428093,τὸ,the,51
1185,102428094,ἱερὸν,sanctuary,51
1186,102428095,μετὰ,with,51
1187,102428096,τῆς,of the,51
1188,102428097,μητρὸς,with her mother,51
1189,102428098,τῆς,of the,51
1190,102428099,ἐκείνου,his,51
1191,102428100,.,.,51
1192,102428101,καὶ,and,52
1193,102428102,τα-,the,52
1194,102428103,τἆλλα,other,52
1195,102428104,τὰ,the,52
1196,102428105,γενόμενα,things that happened,52
1197,102428106,πάντα,all,52
1198,102428107,ἀκριβῶς,precisely,52
1199,102428108,διηγήσατο,narrated,52
1200,102428109,.,.,52
1201,102428110,ἐπειδὴ,since,53
1202,102428111,δὲ,but,53
1203,102428112,πάντα,all,53
1204,102428113,εἴρητο,had been said,53
1205,102428114,αὐτῇ,her,53
1206,102428115,",",",",53
1207,102428116,εἶπον,said,53
1208,102428117,ἐγώ,I,53
1209,102428118,",",",",53
1210,102428119,,,53
1211,102428120,ὅπως,that,53
1212,102428121,τοίνυν,then,53
1213,102428122,ταῦτα,these,53
1214,102428123,μηδεὶς,no one,53
1215,102428124,ἀνθρώπων,of men,53
1216,102428125,πεύσεται,will learn,53
1217,102428126,.,.,53
1218,102428127,εἰ,if,54
1219,102428128,δέ,but,54
1220,102428129,μή,not,54
1221,102428130,",",",",54
1222,102428131,οὐδέν,nothing,54
1223,102428132,σοι,to you,54
1224,102428133,κύριον,binding,54
1225,102428134,ἔσται,will be,54
1226,102428135,τῶν,of the,54
1227,102428136,πρὸς,toward,54
1228,102428137,ἔμ',me,54
1229,102428138,ὡμολογημένων,of the things agreed,54
1230,102428139,.,.,54
1231,102428140,ἀξιῶ,I deem worthy,55
1232,102428141,δέ,but,55
1233,102428142,σε,you,55
1234,102428143,ἐπ’,on,55
1235,102428144,αὐτοφώρῳ,in the act,55
1236,102428145,ταῦτά,these things,55
1237,102428146,μοι,me,55
1238,102428147,ἐπιδεῖξαι,show,55
1239,102428148,.,.,55
1240,102428149,ἐγὼ,I,56
1241,102428150,γὰρ,for,56
1242,102428151,οὐδὲν,nothing,56
1243,102428152,δέομαι,need,56
1244,102428153,λόγων,of words,56
1245,102428154,",",",",56
1246,102428155,ἀλλὰ,but,56
1247,102428156,τὸ,the,56
1248,102428157,ἔργον,deed,56
1249,102428158,φανερὸν,clear,56
1250,102428159,γενέσθαι,to become,56
1251,102428160,",",",",56
1252,102428161,εἴπερ,if indeed,56
1253,102428162,οὕτως,thus,56
1254,102428163,ἔχει,it is,56
1255,102428164,, ,56
1256,102428165,.,.,56
1257,102428166,ὡμολόγει,acknowledged,57
1258,102428167,ταῦτα,these things,57
1259,102428168,ποιήσειν,to do,57
1260,102428169,.,.,57
1261,102428170,καὶ,and,58
1262,102428171,μετὰ,after,58
1263,102428172,ταῦτα,after,58
1264,102428173,διεγένοντο,passed,58
1265,102428174,ἡμέραι,days,58
1266,102428175,τέσσαρες,four,58
1267,102428176,ἢ,or,58
1268,102428177,πέντε,five,58
1269,102428178,",",",",58
1270,102428179,ὡς,as,58
1271,102428180,ἐγὼ,I,58
1272,102428181,μεγάλοις,great,58
1273,102428182,ὑμῖν,you,58
1274,102428183,τεκμηρίοις,with convincing proofs,58
1275,102428184,ἐπιδείξω,I will show,58
1276,102428185,.,.,58
1277,102428186,πρῶτον,first,59
1278,102428187,δὲ,but,59
1279,102428188,διηγήσασθαι,to relate,59
1280,102428189,βούλομαι,I wish,59
1281,102428190,τὰ,the,59
1282,102428191,πραχθέντα,things done,59
1283,102428192,τῇ,the,59
1284,102428193,τελευταίᾳ,last,59
1285,102428194,ἡμέρᾳ,day,59
1286,102428195,.,.,59
1287,102428196,Σώστρατος,Sostratos,60
1288,102428197,ἦν,was,60
1289,102428198,μοι,to me,60
1290,102428199,ἐπιτήδειος,suitable,60
1291,102428200,καὶ,and,60
1292,102428201,φίλος,friend,60
1293,102428202,.,.,60
1294,102428203,τούτῳ,him,61
1295,102428204,ἡλίου,sun,61
1296,102428205,δεδυκότος,having set,61
1297,102428206,ἰόντι,going,61
1298,102428207,ἐξ,out of,61
1299,102428208,ἀγροῦ,from the field,61
1300,102428209,ἀπήντησα,I met,61
1301,102428210,.,.,61
1302,102428211,εἰδὼς,knowing,62
1303,102428212,δ’,but,62
1304,102428213,ἐγὼ,I,62
1305,102428214,ὅτι,that,62
1306,102428215,τηνικαῦτα,at that time,62
1307,102428216,ἀφιγμένος,having arrived,62
1308,102428217,οὐδένα,no one,62
1309,102428218,καταλήψοιτο,would catch,62
1310,102428219,οἴκοι,at home,62
1311,102428220,τῶν,of the,62
1312,102428221,ἐπιτηδείων,of acquaintances,62
1313,102428222,",",",",62
1314,102428223,ἐκέλευον,ordered,62
1315,102428224,",",",",62
1316,102428225,συνδειπνεῖν,to dine with,62
1317,102428226,.,.,62
1318,102428227,καὶ,and,63
1319,102428228,ἐλθόντες,having come,63
1320,102428229,οἴκαδε,home,63
1321,102428230,ὡς,as,63
1322,102428231,ἐμέ,me,63
1323,102428232,",",",",63
1324,102428233,ἀναβάντες,having gone up,63
1325,102428234,εἰς,into,63
1326,102428235,τὸ,the,63
1327,102428236,ὑπερῷον,upper room,63
1328,102428237,ἐδειπνοῦμεν,dined,63
1329,102428238,.,.,63
1330,102428239,ἐπειδὴ,when,64
1331,102428240,δὲ,but,64
1332,102428241,καλῶς,well,64
1333,102428242,αὐτῷ,to him,64
1334,102428243,εἶχεν,it was,64
1335,102428244,",",",",64
1336,102428245,ἐκεῖνος,he,64
1337,102428246,μὲν,indeed,64
1338,102428247,ἀπιὼν,having departed,64
1339,102428248,ᾤχετο,went away,64
1340,102428249,",",",",64
1341,102428250,ἐγὼ,I,64
1342,102428251,δ’,but,64
1343,102428252,ἐκάθευδον,was sleeping,64
1344,102428253,.,.,64
1345,102428254,ὁ,the,65
1346,102428255,δ’,but,65
1347,102428256,Ἐρατοσθένης,Eratosthenes,65
1348,102428257,",",",",65
1349,102428258,ὦ,O,65
1350,102428259,ἄνδρες,men,65
1351,102428260,",",",",65
1352,102428261,εἰσέρχεται,comes in,65
1353,102428262,",",",",65
1354,102428263,καὶ,and,65
1355,102428264,ἡ,the,65
1356,102428265,θεράπαινα,female slave,65
1357,102428266,ἐπεγείρασά,having woken,65
1358,102428267,με,me,65
1359,102428268,εὐθὺς,immediately,65
1360,102428269,φράζει,tells,65
1361,102428270,ὅτι,that,65
1362,102428271,ἔνδον,inside,65
1363,102428272,ἐστί,is,65
1364,102428273,.,.,65
1365,102428274,κα-,and,66
1366,102428275,κἀγὼ,and I,66
1367,102428276,εἰπὼν,having said,66
1368,102428277,ἐκείνῃ,her,66
1369,102428278,ἐπιμελεῖσθαι,to take care of,66
1370,102428279,τῆς,of the,66
1371,102428280,θύρας,door,66
1372,102428281,",",",",66
1373,102428282,καταβὰς,coming down,66
1374,102428283,σιωπῇ,silently,66
1375,102428284,ἐξέρχομαι,I go out,66
1376,102428285,",",",",66
1377,102428286,καὶ,and,66
1378,102428287,ἀφικνοῦμαι,I arrive,66
1379,102428288,ὡς,when,66
1380,102428289,τὸν,the,66
1381,102428290,καὶ,and,66
1382,102428291,τόν,the,66
1383,102428292,",",",",66
1384,102428293,καὶ,and,66
1385,102428294,τοὺς,the,66
1386,102428295,μὲν,indeed,66
1387,102428296,ἔνδον,inside,66
1388,102428297,κατέλαβον,caught,66
1389,102428298,",",",",66
1390,102428299,τοὺς,those,66
1391,102428300,δὲ,but,66
1392,102428301,οὐκ,not,66
1393,102428302,ἐπιδημοῦντας,being at home,66
1394,102428303,ηὗρον,found,66
1395,102428304,.,.,66
1396,102428305,παραλαβὼν,having taken,67
1397,102428306,δ’,but,67
1398,102428307,ὡς,as,67
1399,102428308,οἷόν,possible,67
1400,102428309,τε,and,67
1401,102428310,ἦν,was,67
1402,102428311,πλείστους,most,67
1403,102428312,ἐκ,out of,67
1404,102428313,τῶν,the,67
1405,102428314,παρόντων,present,67
1406,102428315,ἐβάδιζον,walked,67
1407,102428316,.,.,67
1408,102428317,καὶ,and,68
1409,102428318,δᾷδας,torches,68
1410,102428319,λαβόντες,taking,68
1411,102428320,ἐκ,from,68
1412,102428321,τοῦ,the,68
1413,102428322,ἐγγύτατα,nearest,68
1414,102428323,καπηλείου,tavern,68
1415,102428324,εἰσερχόμεθα,we enter,68
1416,102428325,",",",",68
1417,102428326,ἀνεῳγμένης,being opened,68
1418,102428327,τῆς,the,68
1419,102428328,θύρας,door,68
1420,102428329,καὶ,and,68
1421,102428330,ὑπὸ,by,68
1422,102428331,τῆς,of the,68
1423,102428332,ἀνθρώπου,man,68
1424,102428333,παρεσκευασμένης,prepared,68
1425,102428334,.,.,68
1426,102428335,ὤσαντες,having pushed,69
1427,102428336,δὲ,but,69
1428,102428337,τὴν,the,69
1429,102428338,θύραν,door,69
1430,102428339,τοῦ,of the,69
1431,102428340,δωματίου,of the bedroom,69
1432,102428341,οἱ,the,69
1433,102428342,μὲν,indeed,69
1434,102428343,πρῶτοι,first,69
1435,102428344,εἰσιόντες,those entering,69
1436,102428345,ἔτι,still,69
1437,102428346,εἴδομεν,we saw,69
1438,102428347,αὐτὸν,him,69
1439,102428348,κατακείμενον,lying down,69
1440,102428349,παρὰ,beside,69
1441,102428350,τῇ,the,69
1442,102428351,γυναικί,wife,69
1443,102428352,",",",",69
1444,102428353,οἱ,the,69
1445,102428354,δ’,but,69
1446,102428355,ὕστερον,later,69
1447,102428356,ἐν,on,69
1448,102428357,τῇ,the,69
1449,102428358,κλίνῃ,bed,69
1450,102428359,γυμνὸν,naked,69
1451,102428360,ἑστηκότα,standing,69
1452,102428361,.,.,69
1453,102428362,ἐγὼ,I,70
1454,102428363,δ’,but,70
1455,102428364,",",",",70
1456,102428365,ὦ,O,70
1457,102428366,ἄνδρες,gentlemen,70
1458,102428367,",",",",70
1459,102428368,πατάξας,striking,70
1460,102428369,καταβάλλω,I throw down,70
1461,102428370,αὐτόν,him,70
1462,102428371,",",",",70
1463,102428372,καὶ,and,70
1464,102428373,τὼ,the,70
1465,102428374,χεῖρε,hand,70
1466,102428375,περιαγαγὼν,leading around,70
1467,102428376,εἰς,into,70
1468,102428377,το-,the,70
1469,102428378,τοὔπισθεν,behind,70
1470,102428379,καὶ,and,70
1471,102428380,δήσας,having bound,70
1472,102428381,ἠρώτων,asked,70
1473,102428382,διὰ,because,70
1474,102428383,τί,why,70
1475,102428384,ὑβρίζει,he is acting insolently,70
1476,102428385,εἰς,into,70
1477,102428386,τὴν,the,70
1478,102428387,οἰκίαν,house,70
1479,102428388,τὴν,the,70
1480,102428389,ἐμὴν,my,70
1481,102428390,εἰσιών,entering,70
1482,102428391,.,.,70
1483,102428392,κα-,and,71
1484,102428393,κἀκεῖνος,and that man,71
1485,102428394,ἀδικεῖν,to act unjustly,71
1486,102428395,μὲν,indeed,71
1487,102428396,ὡμολόγει,acknowledged,71
1488,102428397,",",",",71
1489,102428398,ἠντεβόλει,he was objecting,71
1490,102428399,δὲ,but,71
1491,102428400,καὶ,and,71
1492,102428401,ἱκέτευε,begged,71
1493,102428402,μὴ,not,71
1494,102428403,ἀποκτεῖναι,to kill,71
1495,102428404,ἀλλ’,but,71
1496,102428405,ἀργύριον,money,71
1497,102428406,πράξασθαι,procure,71
1498,102428407,.,.,71
1499,102428408,ἐγὼ,I,72
1500,102428409,δ’,but,72
1501,102428410,εἶπον,said,72
1502,102428411,ὅτι,that,72
1503,102428412,,,72
1504,102428413,οὐκ,not,72
1505,102428414,ἐγώ,I,72
1506,102428415,σε,you,72
1507,102428416,ἀποκτενῶ,I will kill,72
1508,102428417,",",",",72
1509,102428418,,,72
1510,102428419,,,72
1511,102428420,ἀλλ’,but,72
1512,102428421,ὁ,the,72
1513,102428422,τῆς,of the,72
1514,102428423,πόλεως,city,72
1515,102428424,νόμος,law,72
1516,102428425,",",",",72
1517,102428426,ὃν,whom,72
1518,102428427,σὺ,you,72
1519,102428428,παραβαίνων,violating,72
1520,102428429,περὶ,about,72
1521,102428430,ἐλάττονος,less,72
1522,102428431,τῶν,of the,72
1523,102428432,ἡδονῶν,of pleasures,72
1524,102428433,ἐποιήσω,I committed,72
1525,102428434,",",",",72
1526,102428435,καὶ,and,72
1527,102428436,μᾶλλον,rather,72
1528,102428437,εἵλου,choose,72
1529,102428438,τοιοῦτον,such,72
1530,102428439,ἁμάρτημα,mistake,72
1531,102428440,ἐξαμαρτάνειν,to err,72
1532,102428441,εἰς,against,72
1533,102428442,τὴν,the,72
1534,102428443,γυναῖκα,wife,72
1535,102428444,τὴν,the,72
1536,102428445,ἐμὴν,my,72
1537,102428446,καὶ,and,72
1538,102428447,εἰς,against,72
1539,102428448,τοὺς,the,72
1540,102428449,παῖδας,sons,72
1541,102428450,τοὺς,my,72
1542,102428451,ἐμοὺς,my,72
1543,102428452,ἢ,or,72
1544,102428453,τοῖς,the,72
1545,102428454,νόμοις,laws,72
1546,102428455,πείθεσθαι,to obey,72
1547,102428456,καὶ,and,72
1548,102428457,κόσμιος,orderly,72
1549,102428458,εἶναι,to be,72
1550,102428459,,,72
1551,102428460,.,.,72
1552,102428461,οὕτως,thus,73
1553,102428462,",",",",73
1554,102428463,ὦ,O,73
1555,102428464,ἄνδρες,gentlemen,73
1556,102428465,",",",",73
1557,102428466,ἐκεῖνος,that man,73
1558,102428467,τούτων,of these,73
1559,102428468,ἔτυχεν,happened,73
1560,102428469,ὧνπερ,of which,73
1561,102428470,οἱ,the,73
1562,102428471,νόμοι,laws,73
1563,102428472,κελεύουσι,command,73
1564,102428473,τοὺς,the,73
1565,102428474,τὰ,such,73
1566,102428475,τοιαῦτα,such,73
1567,102428476,πράττοντας,doing,73
1568,102428477,",",",",73
1569,102428478,οὐκ,not,73
1570,102428479,εἰσαρπασθεὶς,being seized,73
1571,102428480,ἐκ,from,73
1572,102428481,τῆς,the,73
1573,102428482,ὁδοῦ,road,73
1574,102428483,",",",",73
1575,102428484,οὐ,not,73
1576,102428485,-δ’,and,73
1577,102428486,ἐπὶ,to,73
1578,102428487,τὴν,the,73
1579,102428488,ἑστίαν,hearth,73
1580,102428489,καταφυγών,having fled,73
1581,102428490,",",",",73
1582,102428491,ὥσπερ,just as,73
1583,102428492,οὗτοι,they,73
1584,102428493,λέγουσι,say,73
1585,102428494,.,.,73
1586,102428495,πῶς,how,74
1587,102428496,γὰρ,for,74
1588,102428497,ἄν,would,74
1589,102428498,",",",",74
1590,102428499,ὅστις,who,74
1591,102428500,ἐν,in,74
1592,102428501,τῷ,the,74
1593,102428502,δωματίῳ,bedroom,74
1594,102428503,πληγεὶς,being struck,74
1595,102428504,κατέπεσεν,fell down,74
1596,102428505,εὐθύς,immediately,74
1597,102428506,",",",",74
1598,102428507,περιέστρεψα,I turned,74
1599,102428508,δ’,but,74
1600,102428509,αὐτοῦ,his,74
1601,102428510,τὼ,the,74
1602,102428511,χεῖρε,hands,74
1603,102428512,",",",",74
1604,102428513,ἔνδον,inside,74
1605,102428514,δὲ,and,74
1606,102428515,ἦσαν,were,74
1607,102428516,ἄνθρωποι,men,74
1608,102428517,τοσοῦτοι,so many,74
1609,102428518,",",",",74
1610,102428519,οὓς,whom,74
1611,102428520,διαφυγεῖν,to escape,74
1612,102428521,οὐκ,not,74
1613,102428522,ἐδύνατο,was able,74
1614,102428523,",",",",74
1615,102428524,οὔ,not,74
1616,102428525,-τε,-and,74
1617,102428526,σίδηρον,iron,74
1618,102428527,οὔ,not,74
1619,102428528,-τε,nor,74
1620,102428529,ξύλον,wood,74
1621,102428530,οὔ,not,74
1622,102428531,-τε,and,74
1623,102428532,ἄλλο,other,74
1624,102428533,οὐδὲν,anything,74
1625,102428534,ἔχων,having,74
1626,102428535,",",",",74
1627,102428536,ᾧ,that,74
1628,102428537,τοὺς,the,74
1629,102428538,εἰσελθόντας,those who entered,74
1630,102428539,ἂν,would,74
1631,102428540,ἠμύνατο,defended,74
1632,102428541,.,.,74
1633,102428542,ἀλλ’,But,75
1634,102428543,",",",",75
1635,102428544,ὦ,O,75
1636,102428545,ἄνδρες,men,75
1637,102428546,",",",",75
1638,102428547,οἶμαι,I think,75
1639,102428548,καὶ,and,75
1640,102428549,ὑμᾶς,you,75
1641,102428550,εἰδέναι,to know,75
1642,102428551,ὅτι,that,75
1643,102428552,οἱ,those,75
1644,102428553,μὴ,not,75
1645,102428554,τὰ,the,75
1646,102428555,δίκαια,just things,75
1647,102428556,πράττοντες,doing,75
1648,102428557,οὐχ,not,75
1649,102428558,ὁμολογοῦσι,acknowledge,75
1650,102428559,τοὺς,the,75
1651,102428560,ἐχθροὺς,enemies,75
1652,102428561,λέγειν,to say,75
1653,102428562,ἀληθῆ,truth,75
1654,102428563,",",",",75
1655,102428564,ἀλλ’,but,75
1656,102428565,αὐτοὶ,they,75
1657,102428566,ψευδόμενοι,lying,75
1658,102428567,καὶ,and,75
1659,102428568,τὰ,such,75
1660,102428569,τοιαῦτα,such things,75
1661,102428570,μηχανώμενοι,devising,75
1662,102428571,ὀργὰς,anger,75
1663,102428572,τοῖς,to,75
1664,102428573,ἀκούουσι,listeners,75
1665,102428574,κατὰ,against,75
1666,102428575,τῶν,of the,75
1667,102428576,τὰ,the,75
1668,102428577,δίκαια,just things,75
1669,102428578,πραττόντων,doing,75
1670,102428579,παρασκευάζουσι,prepare,75
1671,102428580,.,.,75
1672,102428581,πρῶτον,first,76
1673,102428582,μὲν,indeed,76
1674,102428583,οὖν,then,76
1675,102428584,ἀνάγνωθι,read,76
1676,102428585,τὸν,the,76
1677,102428586,νόμον,law,76
1678,102428587,.,.,76
1679,102428588,οὐκ,not,77
1680,102428589,ἠμφεσβήτει,disputed,77
1681,102428590,",",",",77
1682,102428591,ὦ,o,77
1683,102428592,ἄνδρες,men,77
1684,102428593,",",",",77
1685,102428594,ἀλλ’,but,77
1686,102428595,ὡμολόγει,admitted,77
1687,102428596,ἀδικεῖν,to do injustice,77
1688,102428597,",",",",77
1689,102428598,καὶ,and,77
1690,102428599,ὅπως,how,77
1691,102428600,μὲν,indeed,77
1692,102428601,μὴ,not,77
1693,102428602,ἀποθάνῃ,die,77
1694,102428603,ἠντεβόλει,tried to help,77
1695,102428604,καὶ,and,77
1696,102428605,ἱκέτευεν,begged,77
1697,102428606,",",",",77
1698,102428607,ἀποτίνειν,to pay,77
1699,102428608,δ’,but,77
1700,102428609,ἕτοιμος,ready,77
1701,102428610,ἦν,was,77
1702,102428611,χρήματα,money,77
1703,102428612,.,.,77
1704,102428613,ἐγὼ,I,78
1705,102428614,δὲ,but,78
1706,102428615,τῷ,the,78
1707,102428616,μὲν,indeed,78
1708,102428617,ἐκείνου,that,78
1709,102428618,τιμήματι,punishment,78
1710,102428619,οὐ,not,78
1711,102428620,συνεχώρουν,I was willing,78
1712,102428621,",",",",78
1713,102428622,τὸν,the,78
1714,102428623,δὲ,but,78
1715,102428624,τῆς,of the,78
1716,102428625,πόλεως,city's,78
1717,102428626,νόμον,law,78
1718,102428627,ἠξίουν,considered,78
1719,102428628,εἶναι,to be,78
1720,102428629,κυριώτερον,more authoritative,78
1721,102428630,",",",",78
1722,102428631,καὶ,and,78
1723,102428632,ταύτην,this,78
1724,102428633,ἔλαβον,took,78
1725,102428634,τὴν,the,78
1726,102428635,δίκην,lawsuit,78
1727,102428636,",",",",78
1728,102428637,ἣν,which,78
1729,102428638,ὑμεῖς,you,78
1730,102428639,δικαιοτάτην,most just,78
1731,102428640,εἶναι,to be,78
1732,102428641,ἡγησάμενοι,having judged,78
1733,102428642,τοῖς,those,78
1734,102428643,τὰ,those,78
1735,102428644,τοιαῦτα,such things,78
1736,102428645,ἐπιτηδεύουσιν,practicing,78
1737,102428646,ἐτάξατε,you set,78
1738,102428647,.,.,78
1739,102428648,καί,and,79
1740,102428649,μοι,me,79
1741,102428650,ἀνάβητε,come up,79
1742,102428651,τούτων,of these,79
1743,102428652,μάρτυρες,witnesses,79
1744,102428653,.,.,79
1745,102428654,ἀνάγνωθι,read,80
1746,102428655,δέ,but,80
1747,102428656,μοι,me,80
1748,102428657,καὶ,and,80
1749,102428658,τοῦτον,this,80
1750,102428659,τὸν,the,80
1751,102428660,νόμον,law,80
1752,102428661,τὸν,the,80
1753,102428662,ἐκ,from,80
1754,102428663,τῆς,the,80
1755,102428664,στήλης,of the pillar,80
1756,102428665,τῆς,of the,80
1757,102428666,ἐξ,from,80
1758,102428667,Ἀρείου,of the Areopagus,80
1759,102428668,πάγου,of the hill,80
1760,102428669,.,.,80
1761,102428670,ἀκούετε,listen,81
1762,102428671,",",",",81
1763,102428672,ὦ,O,81
1764,102428673,ἄνδρες,men,81
1765,102428674,",",",",81
1766,102428675,ὅτι,that,81
1767,102428676,αὐτῷ,that,81
1768,102428677,τῷ,the,81
1769,102428678,δικαστηρίῳ,court,81
1770,102428679,τῷ,the,81
1771,102428680,ἐξ,from,81
1772,102428681,Ἀρείου,of Ares,81
1773,102428682,πάγου,Hill,81
1774,102428683,",",",",81
1775,102428684,ᾧ,which,81
1776,102428685,καὶ,and,81
1777,102428686,πάτριόν,customary,81
1778,102428687,ἐστι,is,81
1779,102428688,καὶ,and,81
1780,102428689,ἐφ',upon,81
1781,102428690,ἡμῶν,us,81
1782,102428691,ἀποδέδοται,has been entrusted,81
1783,102428692,τοῦ,the,81
1784,102428693,φόνου,of murder,81
1785,102428694,τὰς,the,81
1786,102428695,δίκας,lawsuits,81
1787,102428696,δικάζειν,to try,81
1788,102428697,",",",",81
1789,102428698,διαρρήδην,plainly,81
1790,102428699,εἴρηται,has been said,81
1791,102428700,τούτου,this,81
1792,102428701,μὴ,not,81
1793,102428702,καταγιγνώσκειν,to convict,81
1794,102428703,φόνον,murder,81
1795,102428704,",",",",81
1796,102428705,ὃς,who,81
1797,102428706,ἂν,if,81
1798,102428707,ἐπὶ,upon,81
1799,102428708,δάμαρτι,wife,81
1800,102428709,τῇ,his,81
1801,102428710,ἑαυτοῦ,his own,81
1802,102428711,μοιχὸν,adulterer,81
1803,102428712,λαβὼν,having seized,81
1804,102428713,ταύτην,this,81
1805,102428714,τὴν,this,81
1806,102428715,τιμωρίαν,vengeance,81
1807,102428716,ποιήσηται,should make,81
1808,102428717,.,.,81
1809,102428718,καὶ,and,82
1810,102428719,οὕτω,so,82
1811,102428720,σφόδρα,very,82
1812,102428721,ὁ,the,82
1813,102428722,νομοθέτης,lawgiver,82
1814,102428723,ἐπὶ,concerning,82
1815,102428724,ταῖς,the,82
1816,102428725,γαμεταῖς,married women,82
1817,102428726,γυναιξὶ,women,82
1818,102428727,δίκαια,just,82
1819,102428728,ταῦτα,these,82
1820,102428729,ἡγήσατο,considered,82
1821,102428730,εἶναι,to be,82
1822,102428731,",",",",82
1823,102428732,ὥστε,so that,82
1824,102428733,καὶ,also,82
1825,102428734,ἐπὶ,over,82
1826,102428735,ταῖς,the,82
1827,102428736,παλλακαῖς,concubines,82
1828,102428737,ταῖς,the,82
1829,102428738,ἐλάττονος,less,82
1830,102428739,ἀξίαις,deserving,82
1831,102428740,τὴν,the,82
1832,102428741,αὐτὴν,the same,82
1833,102428742,δίκην,punishment,82
1834,102428743,ἐπέθηκε,imposed,82
1835,102428744,.,.,82
1836,102428745,καίτοι,yet,83
1837,102428746,δῆλον,clear,83
1838,102428747,ὅτι,that,83
1839,102428748,",",",",83
1840,102428749,εἴ,if,83
1841,102428750,τινα,any,83
1842,102428751,εἶχε,had,83
1843,102428752,ταύτης,of this,83
1844,102428753,μείζω,greater,83
1845,102428754,τιμωρίαν,punishment,83
1846,102428755,ἐπὶ,for,83
1847,102428756,ταῖς,the,83
1848,102428757,γαμεταῖς,wives,83
1849,102428758,",",",",83
1850,102428759,ἐποίησεν,would have done,83
1851,102428760,ἄν,would,83
1852,102428761,.,.,83
1853,102428762,νῦν,now,84
1854,102428763,δὲ,but,84
1855,102428764,οὐχ,not,84
1856,102428765,οἷός,able,84
1857,102428766,τε,and,84
1858,102428767,ὢν,being,84
1859,102428768,ταύτης,of this,84
1860,102428769,ἰσχυροτέραν,stronger,84
1861,102428770,ἐπ’,against,84
1862,102428771,ἐκείναις,those,84
1863,102428772,ἐξευρεῖν,to discover,84
1864,102428773,",",",",84
1865,102428774,τὴν,the,84
1866,102428775,αὐτὴν,her,84
1867,102428776,καὶ,and,84
1868,102428777,ἐπὶ,with,84
1869,102428778,ταῖς,the,84
1870,102428779,παλλακαῖς,concubines,84
1871,102428780,ἠξίωσε,deemed,84
1872,102428781,γίγνεσθαι,to become,84
1873,102428782,.,.,84
1874,102428783,ἀνάγνωθι,read,85
1875,102428784,δέ,but,85
1876,102428785,μοι,to me,85
1877,102428786,καὶ,and,85
1878,102428787,τοῦτον,this,85
1879,102428788,τὸν,the,85
1880,102428789,νόμον,law,85
1881,102428790,.,.,85
1882,102428791,ἀκούετε,hear,86
1883,102428792,",",",",86
1884,102428793,ἄνδρες,men,86
1885,102428794,",",",",86
1886,102428795,ὅτι,that,86
1887,102428796,κελεύει,orders,86
1888,102428797,",",",",86
1889,102428798,ἐάν,if,86
1890,102428799,τις,anyone,86
1891,102428800,ἄνθρωπον,man,86
1892,102428801,ἐλεύθερον,free,86
1893,102428802,ἢ,or,86
1894,102428803,παῖδα,slave,86
1895,102428804,αἰσχύνῃ,for shame,86
1896,102428805,βίᾳ,violence,86
1897,102428806,",",",",86
1898,102428807,διπλῆν,double,86
1899,102428808,τὴν,the,86
1900,102428809,βλάβην,damage,86
1901,102428810,ὀφείλειν,to owe,86
1902,102428811,.,.,86
1903,102428812,ἐὰν,if,87
1904,102428813,δὲ,but,87
1905,102428814,γυναῖκα,woman,87
1906,102428815,",",",",87
1907,102428816,ἐφ',upon,87
1908,102428817,αἷσπερ,for which,87
1909,102428818,ἀποκτείνειν,to kill,87
1910,102428819,ἔξεστιν,it is lawful,87
1911,102428820,",",",",87
1912,102428821,ἐν,in,87
1913,102428822,τοῖς,the,87
1914,102428823,αὐτοῖς,them,87
1915,102428824,ἐνέχεσθαι,to be detained,87
1916,102428825,.,.,87
1917,102428826,οὕτως,in this way,88
1918,102428827,",",",",88
1919,102428828,ὦ,O,88
1920,102428829,ἄνδρες,men,88
1921,102428830,",",",",88
1922,102428831,τοὺς,the,88
1923,102428832,βιαζομένους,using force,88
1924,102428833,ἐλάττονος,less severe,88
1925,102428834,ζημίας,penalties,88
1926,102428835,ἀξίους,worthy,88
1927,102428836,ἡγήσατο,considered,88
1928,102428837,εἶναι,to be,88
1929,102428838,ἢ,than,88
1930,102428839,τοὺς,the,88
1931,102428840,πείθοντας,persuaders,88
1932,102428841,.,.,88
1933,102428842,τῶν,of the,89
1934,102428843,μὲν,on the one hand,89
1935,102428844,γὰρ,for,89
1936,102428845,θάνατον,death,89
1937,102428846,κατέγνω,condemned,89
1938,102428847,",",",",89
1939,102428848,τοῖς,to them,89
1940,102428849,δὲ,but,89
1941,102428850,διπλῆν,double,89
1942,102428851,ἐποίησε,inflicted,89
1943,102428852,τὴν,the,89
1944,102428853,βλάβην,injury,89
1945,102428854,",",",",89
1946,102428855,ἡγούμενος,thinking,89
1947,102428856,τοὺς,those,89
1948,102428857,μὲν,on the one hand,89
1949,102428858,διαπραττομένους,committing,89
1950,102428859,βίᾳ,violently,89
1951,102428860,ὑπὸ,by,89
1952,102428861,τῶν,of,89
1953,102428862,βιασθέντων,of those who were raped,89
1954,102428863,μισεῖσθαι,to be hated,89
1955,102428864,",",",",89
1956,102428865,τοὺς,the,89
1957,102428866,δὲ,but,89
1958,102428867,πείσαντας,those who persuaded,89
1959,102428868,οὕτως,thus,89
1960,102428869,αὐτῶν,their,89
1961,102428870,τὰς,the,89
1962,102428871,ψυχὰς,souls,89
1963,102428872,διαφθείρειν,to corrupt,89
1964,102428873,",",",",89
1965,102428874,ὥστ',so that,89
1966,102428875,οἰκειοτέρας,more intimate,89
1967,102428876,αὑτοῖς,to them,89
1968,102428877,ποιεῖν,to make,89
1969,102428878,τὰς,the,89
1970,102428879,ἀλλοτρίας,other women's,89
1971,102428880,γυναῖκας,women,89
1972,102428881,ἢ,than,89
1973,102428882,τοῖς,the,89
1974,102428883,ἀνδράσι,husbands,89
1975,102428884,",",",",89
1976,102428885,καὶ,and,89
1977,102428886,πᾶσαν,entire,89
1978,102428887,ἐπ’,on,89
1979,102428888,ἐκείνοις,them,89
1980,102428889,τὴν,the,89
1981,102428890,οἰκίαν,house,89
1982,102428891,γεγονέναι,to have become,89
1983,102428892,",",",",89
1984,102428893,καὶ,and,89
1985,102428894,τοὺς,the,89
1986,102428895,παῖδας,children,89
1987,102428896,ἀδήλους,unknown,89
1988,102428897,εἶναι,to be,89
1989,102428898,ὁποτέρων,whom,89
1990,102428899,τυγχάνουσιν,happen to be,89
1991,102428900,ὄντες,being,89
1992,102428901,",",",",89
1993,102428902,τῶν,of the,89
1994,102428903,ἀνδρῶν,husbands,89
1995,102428904,ἢ,or,89
1996,102428905,τῶν,of the,89
1997,102428906,μοιχῶν,adulterers,89
1998,102428907,.,.,89
1999,102428908,ἀνθ’,for,90
2000,102428909,ὧν,which,90
2001,102428910,ὁ,the,90
2002,102428911,τὸν,the,90
2003,102428912,νόμον,law,90
2004,102428913,τιθεὶς,having enacted,90
2005,102428914,θάνατον,death,90
2006,102428915,αὐτοῖς,them,90
2007,102428916,ἐποίησε,made,90
2008,102428917,τὴν,the,90
2009,102428918,ζημίαν,penalty,90
2010,102428919,.,.,90
2011,102428920,ἐμοῦ,my,91
2012,102428921,τοίνυν,therefore,91
2013,102428922,",",",",91
2014,102428923,ὦ,O,91
2015,102428924,ἄνδρες,gentlemen,91
2016,102428925,",",",",91
2017,102428926,οἱ,the,91
2018,102428927,μὲν,indeed,91
2019,102428928,νόμοι,laws,91
2020,102428929,οὐ,not,91
2021,102428930,μόνον,only,91
2022,102428931,ἀπεγνωκότες,having known,91
2023,102428932,εἰσὶ,are,91
2024,102428933,μὴ,not,91
2025,102428934,ἀδικεῖν,to do injustice,91
2026,102428935,",",",",91
2027,102428936,ἀλλὰ,but,91
2028,102428937,καὶ,and,91
2029,102428938,κεκελευκότες,having commanded,91
2030,102428939,ταύτην,this,91
2031,102428940,τὴν,the,91
2032,102428941,δίκην,trial,91
2033,102428942,λαμβάνειν,to accept,91
2034,102428943,.,.,91
2035,102428944,ἐν,among,92
2036,102428945,ὑμῖν,you,92
2037,102428946,δ’,but,92
2038,102428947,ἐστὶ,it is,92
2039,102428948,πότερον,whether,92
2040,102428949,χρὴ,it is necessary,92
2041,102428950,τούτους,these,92
2042,102428951,ἰσχυροὺς,powerful,92
2043,102428952,ἢ,or,92
2044,102428953,μηδενὸς,of no one,92
2045,102428954,ἀξίους,worthy,92
2046,102428955,εἶναι,to be,92
2047,102428956,.,.,92
2048,102428957,ἐγὼ,I,93
2049,102428958,μὲν,indeed,93
2050,102428959,γὰρ,for,93
2051,102428960,οἶμαι,I think,93
2052,102428961,πάσας,all,93
2053,102428962,τὰς,the,93
2054,102428963,πόλεις,cities,93
2055,102428964,διὰ,because of,93
2056,102428965,τοῦτο,this,93
2057,102428966,τοὺς,the,93
2058,102428967,νόμους,laws,93
2059,102428968,τίθεσθαι,to establish,93
2060,102428969,",",",",93
2061,102428970,ἵνα,so that,93
2062,102428971,περὶ,about,93
2063,102428972,ὧν,of which,93
2064,102428973,ἂν,if,93
2065,102428974,πραγμάτων,matters,93
2066,102428975,ἀπορῶμεν,be at a loss,93
2067,102428976,",",",",93
2068,102428977,παρὰ,by,93
2069,102428978,τούτους,them,93
2070,102428979,ἐλθόντες,coming,93
2071,102428980,σκεψώμεθα,we may examine,93
2072,102428981,ὅ,what,93
2073,102428982,τι,what,93
2074,102428983,ἡμῖν,us,93
2075,102428984,ποιητέον,to be done,93
2076,102428985,ἐστίν,is,93
2077,102428986,.,.,93
2078,102428987,οὗτοι,these,94
2079,102428988,τοίνυν,then,94
2080,102428989,περὶ,about,94
2081,102428990,τῶν,of the,94
2082,102428991,τοιούτων,such,94
2083,102428992,τοῖς,the,94
2084,102428993,ἀδικουμένοις,being wronged,94
2085,102428994,τοιαύτην,such,94
2086,102428995,δίκην,punishment,94
2087,102428996,λαμβάνειν,to receive,94
2088,102428997,παρακελεύονται,advise,94
2089,102428998,.,.,94
2090,102428999,οἷς,whom,95
2091,102429000,ὑμᾶς,you,95
2092,102429001,ἀξιῶ,consider,95
2093,102429002,τὴν,the,95
2094,102429003,αὐτὴν,the same,95
2095,102429004,γνώμην,opinion,95
2096,102429005,ἔχειν,to have,95
2097,102429006,.,.,95
2098,102429007,εἰ,if,96
2099,102429008,δὲ,but,96
2100,102429009,μή,not,96
2101,102429010,",",",",96
2102,102429011,τοιαύτην,such,96
2103,102429012,ἄδειαν,license,96
2104,102429013,τοῖς,the,96
2105,102429014,μοιχοῖς,adulterers,96
2106,102429015,ποιήσετε,you will make,96
2107,102429016,",",",",96
2108,102429017,ὥστε,so that,96
2109,102429018,καὶ,even,96
2110,102429019,τοὺς,the,96
2111,102429020,κλέπτας,thieves,96
2112,102429021,ἐπαρεῖτε,boast,96
2113,102429022,φάσκειν,claim,96
2114,102429023,μοιχοὺς,adulterers,96
2115,102429024,εἶναι,to be,96
2116,102429025,",",",",96
2117,102429026,εὖ,well,96
2118,102429027,εἰδότας,knowing,96
2119,102429028,ὅτι,that,96
2120,102429029,",",",",96
2121,102429030,ἐὰν,if,96
2122,102429031,ταύτην,this,96
2123,102429032,τὴν,this,96
2124,102429033,αἰτίαν,defense,96
2125,102429034,περὶ,about,96
2126,102429035,ἑαυτῶν,themselves,96
2127,102429036,λέγωσι,say,96
2128,102429037,καὶ,and,96
2129,102429038,ἐπὶ,on,96
2130,102429039,τούτῳ,this,96
2131,102429040,φάσκωσιν,claim,96
2132,102429041,εἰς,into,96
2133,102429042,τὰς,the,96
2134,102429043,ἀλλοτρίας,other people's,96
2135,102429044,οἰκίας,houses,96
2136,102429045,εἰσιέναι,to enter,96
2137,102429046,",",",",96
2138,102429047,οὐδεὶς,no one,96
2139,102429048,αὐτῶν,them,96
2140,102429049,ἅψεται,will touch,96
2141,102429050,.,.,96
2142,102429051,πάντες,everyone,97
2143,102429052,γὰρ,for,97
2144,102429053,εἴσονται,will know,97
2145,102429054,ὅτι,that,97
2146,102429055,τοὺς,the,97
2147,102429056,μὲν,indeed,97
2148,102429057,νόμους,laws,97
2149,102429058,τῆς,of the,97
2150,102429059,μοιχείας,adultery,97
2151,102429060,χαίρειν,to delight in,97
2152,102429061,ἐᾶν,if,97
2153,102429062,δεῖ,it is necessary,97
2154,102429063,",",",",97
2155,102429064,τὴν,the,97
2156,102429065,δὲ,but,97
2157,102429066,ψῆφον,vote,97
2158,102429067,τὴν,the,97
2159,102429068,ὑμετέραν,your,97
2160,102429069,δεδιέναι,to fear,97
2161,102429070,.,.,97
2162,102429071,αὕτη,she,98
2163,102429072,γάρ,for,98
2164,102429073,ἐστι,is,98
2165,102429074,πάντων,of all,98
2166,102429075,τῶν,of the,98
2167,102429076,ἐν,in,98
2168,102429077,τῇ,the,98
2169,102429078,πόλει,city,98
2170,102429079,κυριωτάτη,most powerful,98
2171,102429080,.,.,98
2172,102429081,σκέψασθε,examine,99
2173,102429082,δέ,but,99
2174,102429083,",",",",99
2175,102429084,ὦ,O,99
2176,102429085,ἄνδρες,gentlemen,99
2177,102429086,.,.,99
2178,102429087,κατηγοροῦσι,accuse,100
2179,102429088,γάρ,for,100
2180,102429089,μου,me,100
2181,102429090,ὡς,that,100
2182,102429091,ἐγὼ,I,100
2183,102429092,τὴν,the,100
2184,102429093,θεράπαιναν,the slave-girl,100
2185,102429094,ἐν,on,100
2186,102429095,ἐκείνῃ,that,100
2187,102429096,τῇ,that,100
2188,102429097,ἡμέρᾳ,day,100
2189,102429098,μετελθεῖν,to go to,100
2190,102429099,ἐκέλευσα,ordered,100
2191,102429100,τὸν,the,100
2192,102429101,νεανίσκον,young man,100
2193,102429102,.,.,100
2194,102429103,ἐγὼ,I,101
2195,102429104,δέ,but,101
2196,102429105,",",",",101
2197,102429106,ὦ,O,101
2198,102429107,ἄνδρες,gentlemen,101
2199,102429108,",",",",101
2200,102429109,δίκαιον,just,101
2201,102429110,μὲν,on the one hand,101
2202,102429111,ἂν,would,101
2203,102429112,ποιεῖν,to do,101
2204,102429113,ἡγούμην,I considered,101
2205,102429114,ᾡτινιοῦν,any,101
2206,102429115,τρόπῳ,manner,101
2207,102429116,τὸν,the,101
2208,102429117,τὴν,the,101
2209,102429118,γυναῖκα,wife,101
2210,102429119,τὴν,the,101
2211,102429120,ἐμὴν,my,101
2212,102429121,διαφθείραντα,having corrupted,101
2213,102429122,λαμβάνων,catching,101
2214,102429123,.,.,101
2215,102429124,εἰ,if,102
2216,102429125,μὲν,indeed,102
2217,102429126,γὰρ,for,102
2218,102429127,λόγων,words,102
2219,102429128,εἰρημένων,having been said,102
2220,102429129,ἔργου,of an action,102
2221,102429130,δὲ,but,102
2222,102429131,μηδενὸς,of any,102
2223,102429132,γεγενημένου,having occurred,102
2224,102429133,μετελθεῖν,to pursue,102
2225,102429134,ἐκέλευον,ordered,102
2226,102429135,ἐκεῖνον,that man,102
2227,102429136,",",",",102
2228,102429137,ἠδίκουν,I was wronging,102
2229,102429138,ἄν,would,102
2230,102429139,.,.,102
2231,102429140,εἰ,if,103
2232,102429141,δὲ,but,103
2233,102429142,ἤδη,already,103
2234,102429143,πάντων,all,103
2235,102429144,διαπεπραγμένων,having transacted,103
2236,102429145,καὶ,and,103
2237,102429146,πολλάκις,often,103
2238,102429147,εἰσεληλυθότος,having entered,103
2239,102429148,εἰς,into,103
2240,102429149,τὴν,the,103
2241,102429150,οἰκίαν,house,103
2242,102429151,τὴν,the,103
2243,102429152,ἐμὴν,my,103
2244,102429153,ᾡτινιοῦν,whatever,103
2245,102429154,τρόπῳ,manner,103
2246,102429155,ἐλάμβανον,caught,103
2247,102429156,αὐτόν,him,103
2248,102429157,",",",",103
2249,102429158,σωφρονεῖν,to act sensibly,103
2250,102429159,ἂν,if,103
2251,102429160,ἐμαυτὸν,myself,103
2252,102429161,ἡγούμην,I considered,103
2253,102429162,.,.,103
2254,102429163,σκέψασθε,consider,104
2255,102429164,δὲ,but,104
2256,102429165,ὅτι,that,104
2257,102429166,καὶ,even,104
2258,102429167,ταῦτα,these,104
2259,102429168,ψεύδονται,are lying,104
2260,102429169,.,.,104
2261,102429170,ῥᾳδίως,easily,105
2262,102429171,δὲ,but,105
2263,102429172,ἐκ,from,105
2264,102429173,τῶνδε,these,105
2265,102429174,γνώσεσθε,you will recognize,105
2266,102429175,.,.,105
2267,102429176,ἐμοὶ,to me,106
2268,102429177,γάρ,for,106
2269,102429178,",",",",106
2270,102429179,ὦ,O,106
2271,102429180,ἄνδρες,men,106
2272,102429181,",",",",106
2273,102429182,ὅπερ,which,106
2274,102429183,καὶ,and,106
2275,102429184,πρότερον,before,106
2276,102429185,εἶπον,said,106
2277,102429186,",",",",106
2278,102429187,φίλος,friend,106
2279,102429188,ὢν,being,106
2280,102429189,Σώστρατος,Sostratos,106
2281,102429190,καὶ,and,106
2282,102429191,οἰκείως,in a friendly manner,106
2283,102429192,διακείμενος,having relations,106
2284,102429193,ἀπαντήσας,having met,106
2285,102429194,ἐξ,out of,106
2286,102429195,ἀγροῦ,from the field,106
2287,102429196,περὶ,about,106
2288,102429197,ἡλίου,sun's,106
2289,102429198,δυσμὰς,sunset,106
2290,102429199,συνεδείπνει,dined together,106
2291,102429200,",",",",106
2292,102429201,καὶ,and,106
2293,102429202,ἐπειδὴ,when,106
2294,102429203,καλῶς,well,106
2295,102429204,εἶχεν,it was,106
2296,102429205,αὐτῷ,him,106
2297,102429206,",",",",106
2298,102429207,ἀπιὼν,departing,106
2299,102429208,ᾤχετο,went,106
2300,102429209,.,.,106
2301,102429210,καίτοι,and yet,107
2302,102429211,πρῶτον,first,107
2303,102429212,μέν,indeed,107
2304,102429213,",",",",107
2305,102429214,ὦ,O,107
2306,102429215,ἄνδρες,men,107
2307,102429216,",",",",107
2308,102429217,ἐνθυμήθητε,consider,107
2309,102429218,.,.,107
2310,102429219,ὅτι,that,108
2311,102429220,εἰ,if,108
2312,102429221,ἐν,in,108
2313,102429222,ἐκείνῃ,that,108
2314,102429223,τῇ,that,108
2315,102429224,νυκτὶ,night,108
2316,102429225,ἐγὼ,I,108
2317,102429226,ἐπεβούλευον,was plotting against,108
2318,102429227,Ἐρατοσθένει,Eratosthenes,108
2319,102429228,",",",",108
2320,102429229,πότερον,whether,108
2321,102429230,ἦν,it was,108
2322,102429231,μοι,to me,108
2323,102429232,κρεῖττον,better,108
2324,102429233,αὐτῷ,him,108
2325,102429234,ἑτέρωθι,elsewhere,108
2326,102429235,δειπνεῖν,to dine,108
2327,102429236,ἢ,or,108
2328,102429237,τὸν,the,108
2329,102429238,συνδειπνήσοντά,the one who would dine with,108
2330,102429239,μοι,me,108
2331,102429240,εἰσαγαγεῖν,to bring in,108
2332,102429241,;,;,108
2333,102429242,οὕτω,thus,109
2334,102429243,γὰρ,for,109
2335,102429244,ἂν,if,109
2336,102429245,ἧττον,less,109
2337,102429246,ἐτόλμησεν,dared,109
2338,102429247,ἐκεῖνος,that man,109
2339,102429248,εἰσελθεῖν,to enter,109
2340,102429249,εἰς,into,109
2341,102429250,τὴν,the,109
2342,102429251,οἰκίαν,house,109
2343,102429252,.,.,109
2344,102429253,εἶτα,then,110
2345,102429254,δοκῶ,it seems,110
2346,102429255,ἂν,would,110
2347,102429256,ὑμῖν,you,110
2348,102429257,τὸν,the,110
2349,102429258,συνδειπνοῦντα,dining with,110
2350,102429259,ἀφεὶς,having left,110
2351,102429260,μόνος,alone,110
2352,102429261,καταλειφθῆναι,to be left behind,110
2353,102429262,καὶ,and,110
2354,102429263,ἔρημος,alone,110
2355,102429264,γενέσθαι,to become,110
2356,102429265,",",",",110
2357,102429266,ἢ,or,110
2358,102429267,κελεύειν,to order,110
2359,102429268,ἐκεῖνον,him,110
2360,102429269,μεῖναι,to remain,110
2361,102429270,",",",",110
2362,102429271,ἵνα,so that,110
2363,102429272,μετ',with,110
2364,102429273,ἐμοῦ,me,110
2365,102429274,τὸν,the,110
2366,102429275,μοιχὸν,adulterer,110
2367,102429276,ἐτιμωρεῖτο,he was punished,110
2368,102429277,;,;,110
2369,102429278,ἔπειτα,then,111
2370,102429279,",",",",111
2371,102429280,ὦ,O,111
2372,102429281,ἄνδρες,men,111
2373,102429282,",",",",111
2374,102429283,οὐκ,not,111
2375,102429284,ἂν,would,111
2376,102429285,δοκῶ,it seems to me,111
2377,102429286,ὑμῖν,to you,111
2378,102429287,τοῖς,the,111
2379,102429288,ἐπιτηδείοις,friends,111
2380,102429289,μεθ',after,111
2381,102429290,ἡμέραν,day,111
2382,102429291,παραγγεῖλαι,to order,111
2383,102429292,",",",",111
2384,102429293,καὶ,and,111
2385,102429294,κελεῦσαι,to order,111
2386,102429295,αὐτοὺς,them,111
2387,102429296,συλλεγῆναι,to be gathered,111
2388,102429297,εἰς,into,111
2389,102429298,οἰκίαν,house,111
2390,102429299,του,of the,111
2391,102429300,τῶν,of,111
2392,102429301,φίλων,friends,111
2393,102429302,ἐγγυτάτω,nearest,111
2394,102429303,",",",",111
2395,102429304,μᾶλλον,rather,111
2396,102429305,ἢ,than,111
2397,102429306,ἐπειδὴ,when,111
2398,102429307,τάχιστα,as soon as possible,111
2399,102429308,ᾐσθόμην,I learned,111
2400,102429309,τῆς,of the,111
2401,102429310,νυκτὸς,night,111
2402,102429311,περιτρέχειν,to run around,111
2403,102429312,",",",",111
2404,102429313,οὐκ,not,111
2405,102429314,εἰδὼς,knowing,111
2406,102429315,ὅντινα,whom,111
2407,102429316,οἴκοι,at home,111
2408,102429317,καταλήψομαι,will catch,111
2409,102429318,καὶ,and,111
2410,102429319,ὅντινα,which,111
2411,102429320,ἔξω,outside,111
2412,102429321,;,.,111
2413,102429322,καὶ,and,112
2414,102429323,ὡς,as,112
2415,102429324,Ἁρμόδιον,Harmodius,112
2416,102429325,μὲν,indeed,112
2417,102429326,καὶ,and,112
2418,102429327,τὸν,the,112
2419,102429328,δεῖνα,the man named,112
2420,102429329,ἦλθον,went,112
2421,102429330,οὐκ,not,112
2422,102429331,ἐπιδημοῦντας,being away from home,112
2423,102429332,(,(,112
2424,102429333,οὐ,not,112
2425,102429334,γὰρ,for,112
2426,102429335,ᾔδη,already,112
2427,102429336,),),112
2428,102429337,",",",",112
2429,102429338,ἑτέρους,others,112
2430,102429339,δὲ,but,112
2431,102429340,οὐκ,not,112
2432,102429341,ἔνδον,inside,112
2433,102429342,ὄντας,being,112
2434,102429343,κατέλαβον,caught,112
2435,102429344,",",",",112
2436,102429345,οὓς,whom,112
2437,102429346,δ’,but,112
2438,102429347,οἷός,capable,112
2439,102429348,τε,and,112
2440,102429349,ἦ,was,112
2441,102429350,λαβὼν,having taken,112
2442,102429351,ἐβάδιζον,I was going,112
2443,102429352,.,.,112
2444,102429353,καίτοιγε,and yet,113
2445,102429354,εἰ,if,113
2446,102429355,προῄδη,clearly,113
2447,102429356,",",",",113
2448,102429357,οὐκ,not,113
2449,102429358,ἂν,would,113
2450,102429359,δοκῶ,it seems to me,113
2451,102429360,ὑμῖν,you,113
2452,102429361,καὶ,and,113
2453,102429362,θεράποντας,servants,113
2454,102429363,παρασκευάσασθαι,to prepare,113
2455,102429364,καὶ,and,113
2456,102429365,τοῖς,to,113
2457,102429366,φίλοις,friends,113
2458,102429367,παραγγεῖλαι,to order,113
2459,102429368,",",",",113
2460,102429369,ἵν’,so that,113
2461,102429370,ὡς,as,113
2462,102429371,ἀσφαλέστατα,most safely,113
2463,102429372,μὲν,indeed,113
2464,102429373,αὐτὸς,I,113
2465,102429374,εἰσῄα,enter,113
2466,102429375,(,(,113
2467,102429376,τί,what,113
2468,102429377,γὰρ,for,113
2469,102429378,ᾔδη,already,113
2470,102429379,εἴ,that,113
2471,102429380,τι,any,113
2472,102429381,κα-,and,113
2473,102429382,κἀκεῖνος,and that man,113
2474,102429383,εἶχε,had,113
2475,102429384,σιδήριον,iron weapon,113
2476,102429385,",",",",113
2477,102429386,),),113
2478,102429387,",",",",113
2479,102429388,ὡς,with,113
2480,102429389,μετὰ,with,113
2481,102429390,πλείστων,most,113
2482,102429391,δὲ,and,113
2483,102429392,μαρτύρων,witnesses,113
2484,102429393,τὴν,the,113
2485,102429394,τιμωρίαν,vengeance,113
2486,102429395,ἐποιούμην,I was carrying out,113
2487,102429396,;,;,113
2488,102429397,νῦν,now,114
2489,102429398,δ’,but,114
2490,102429399,οὐδὲν,nothing,114
2491,102429400,εἰδὼς,knowing,114
2492,102429401,τῶν,of the,114
2493,102429402,ἐσομένων,future,114
2494,102429403,ἐκείνῃ,that,114
2495,102429404,τῇ,the,114
2496,102429405,νυκτί,night,114
2497,102429406,",",",",114
2498,102429407,οὓς,whom,114
2499,102429408,οἷός,able,114
2500,102429409,τε,and,114
2501,102429410,ἦ,am,114
2502,102429411,παρέλαβον,I took,114
2503,102429412,.,.,114
2504,102429413,καί,and,115
2505,102429414,μοι,me,115
2506,102429415,ἀνάβητε,come up,115
2507,102429416,τούτων,these,115
2508,102429417,μάρτυρες,witnesses,115
2509,102429418,.,.,115
2510,102429419,τῶν,of the,116
2511,102429420,μὲν,on the one hand,116
2512,102429421,μαρτύρων,of witnesses,116
2513,102429422,ἀκηκόατε,you have heard,116
2514,102429423,",",",",116
2515,102429424,ὦ,O,116
2516,102429425,ἄνδρες,men,116
2517,102429426,.,.,116
2518,102429427,σκέψασθε,consider,117
2519,102429428,δὲ,but,117
2520,102429429,παρ',with,117
2521,102429430,ὑμῖν,you,117
2522,102429431,αὐτοῖς,yourselves,117
2523,102429432,οὕτως,thus,117
2524,102429433,περὶ,about,117
2525,102429434,τούτου,this,117
2526,102429435,τοῦ,the,117
2527,102429436,πράγματος,matter,117
2528,102429437,",",",",117
2529,102429438,ζητοῦντες,seeking,117
2530,102429439,εἴ,whether,117
2531,102429440,τις,any,117
2532,102429441,ἐμοὶ,to me,117
2533,102429442,καὶ,and,117
2534,102429443,Ἐρατοσθένει,Eratosthenes,117
2535,102429444,ἔχθρα,hostility,117
2536,102429445,πώποτε,ever,117
2537,102429446,γεγένηται,has arisen,117
2538,102429447,πλὴν,except,117
2539,102429448,ταύτης,this,117
2540,102429449,.,.,117
2541,102429450,οὐδεμίαν,not one,118
2542,102429451,γὰρ,for,118
2543,102429452,εὑρήσετε,you will find,118
2544,102429453,.,.,118
2545,102429454,οὔ,not,119
2546,102429455,-τε,and,119
2547,102429456,γὰρ,for,119
2548,102429457,συκοφαντῶν,sycophantic,119
2549,102429458,γραφάς,indictments,119
2550,102429459,με,me,119
2551,102429460,ἐγράψατο,indicted,119
2552,102429461,",",",",119
2553,102429462,οὔ,not,119
2554,102429463,-τε,-and,119
2555,102429464,ἐκβάλλειν,to expel,119
2556,102429465,ἐκ,out of,119
2557,102429466,τῆς,of the,119
2558,102429467,πόλεως,city,119
2559,102429468,ἐπεχείρησεν,tried,119
2560,102429469,",",",",119
2561,102429470,οὔ,not,119
2562,102429471,-τε,and,119
2563,102429472,ἰδίας,private,119
2564,102429473,δίκας,lawsuits,119
2565,102429474,ἐδικάζετο,he was being judged,119
2566,102429475,",",",",119
2567,102429476,οὔ,not,119
2568,102429477,-τε,and,119
2569,102429478,συνῄδει,knew,119
2570,102429479,κακὸν,bad,119
2571,102429480,οὐδὲν,nothing,119
2572,102429481,ὃ,what,119
2573,102429482,ἐγὼ,I,119
2574,102429483,δεδιὼς,fearing,119
2575,102429484,μή,lest,119
2576,102429485,τις,someone,119
2577,102429486,πύθηται,should learn,119
2578,102429487,ἐπεθύμουν,desired,119
2579,102429488,αὐτὸν,him,119
2580,102429489,ἀπολέσαι,to destroy,119
2581,102429490,",",",",119
2582,102429491,οὔ,not,119
2583,102429492,-τε,and,119
2584,102429493,εἰ,if,119
2585,102429494,ταῦτα,these things,119
2586,102429495,διαπραξαίμην,accomplish,119
2587,102429496,",",",",119
2588,102429497,ἤλπιζόν,I hoped,119
2589,102429498,ποθεν,from where,119
2590,102429499,χρήματα,money,119
2591,102429500,λήψεσθαι,to receive,119
2592,102429501,.,.,119
2593,102429502,ἔνιοι,some,120
2594,102429503,γὰρ,for,120
2595,102429504,τοιούτων,such,120
2596,102429505,πραγμάτων,matters,120
2597,102429506,ἕνεκα,for the sake of,120
2598,102429507,θάνατον,death,120
2599,102429508,ἀλλήλοις,each other,120
2600,102429509,ἐπιβουλεύουσι,are plotting,120
2601,102429510,.,.,120
2602,102429511,τοσούτου,so great,121
2603,102429512,τοίνυν,then,121
2604,102429513,δεῖ,it is necessary,121
2605,102429514,ἢ,or,121
2606,102429515,λοιδορία,abuse,121
2607,102429516,ἢ,or,121
2608,102429517,παροινία,drunkenness,121
2609,102429518,ἢ,or,121
2610,102429519,ἄλλη,other,121
2611,102429520,τις,some,121
2612,102429521,διαφορὰ,quarrel,121
2613,102429522,ἡμῖν,to us,121
2614,102429523,γεγονέναι,to have occurred,121
2615,102429524,",",",",121
2616,102429525,ὥστε,so that,121
2617,102429526,οὐ,not,121
2618,102429527,-δὲ,and,121
2619,102429528,ἑωρακὼς,having seen,121
2620,102429529,ἦ,am,121
2621,102429530,τὸν,the,121
2622,102429531,ἄνθρωπον,the man,121
2623,102429532,πώποτε,ever,121
2624,102429533,πλὴν,except,121
2625,102429534,ἐν,in,121
2626,102429535,ἐκείνῃ,that,121
2627,102429536,τῇ,the,121
2628,102429537,νυκτί,night,121
2629,102429538,.,.,121
2630,102429539,τί,why,122
2631,102429540,ἄν,would,122
2632,102429541,οὖν,then,122
2633,102429542,βουλόμενος,wanting,122
2634,102429543,ἐγὼ,I,122
2635,102429544,τοιοῦτον,such,122
2636,102429545,κίνδυνον,danger,122
2637,102429546,ἐκινδύνευον,I would have run the risk,122
2638,102429547,",",",",122
2639,102429548,εἰ,if,122
2640,102429549,μὴ,not,122
2641,102429550,τὸ,the,122
2642,102429551,μέγιστον,greatest,122
2643,102429552,τῶν,of the,122
2644,102429553,ἀδικημάτων,crimes,122
2645,102429554,ἦ,was,122
2646,102429555,ὑπ’,by,122
2647,102429556,αὐτοῦ,by him,122
2648,102429557,ἠδικημένος,having been wronged,122
2649,102429558,;,.,122
2650,102429559,ἔπειτα,then,123
2651,102429560,παρακαλέσας,having summoned,123
2652,102429561,αὐτὸς,he,123
2653,102429562,μάρτυρας,witnesses,123
2654,102429563,ἠσέβουν,I acted impiously,123
2655,102429564,",",",",123
2656,102429565,ἐξόν,being allowed,123
2657,102429566,μοι,to me,123
2658,102429567,",",",",123
2659,102429568,εἴπερ,if,123
2660,102429569,ἀδίκως,unjustly,123
2661,102429570,ἐπεθύμουν,desired,123
2662,102429571,αὐτὸν,him,123
2663,102429572,ἀπολέσαι,to destroy,123
2664,102429573,",",",",123
2665,102429574,μηδένα,no one,123
2666,102429575,μοι,me,123
2667,102429576,τούτων,of these,123
2668,102429577,συνειδέναι,to be aware,123
2669,102429578,;,?,123
2670,102429579,ἐγὼ,I,124
2671,102429580,μὲν,indeed,124
2672,102429581,οὖν,therefore,124
2673,102429582,",",",",124
2674,102429583,ὦ,O,124
2675,102429584,ἄνδρες,men,124
2676,102429585,",",",",124
2677,102429586,οὐκ,not,124
2678,102429587,ἰδίαν,private,124
2679,102429588,ὑπὲρ,on behalf of,124
2680,102429589,ἐμαυτοῦ,myself,124
2681,102429590,νομίζω,I think,124
2682,102429591,ταύτην,this,124
2683,102429592,γενέσθαι,to become,124
2684,102429593,τὴν,the,124
2685,102429594,τιμωρίαν,vengeance,124
2686,102429595,",",",",124
2687,102429596,ἀλλ’,but,124
2688,102429597,ὑπὲρ,on behalf of,124
2689,102429598,τῆς,the,124
2690,102429599,πόλεως,city,124
2691,102429600,ἁπάσης,whole,124
2692,102429601,.,.,124
2693,102429602,οἱ,those,125
2694,102429603,γὰρ,for,125
2695,102429604,τοιαῦτα,such things,125
2696,102429605,πράττοντες,practicing,125
2697,102429606,",",",",125
2698,102429607,ὁρῶντες,seeing,125
2699,102429608,οἷα,such,125
2700,102429609,τὰ,the,125
2701,102429610,ἆθλα,rewards,125
2702,102429611,πρόκειται,are set out,125
2703,102429612,τῶν,of,125
2704,102429613,τοιούτων,such,125
2705,102429614,ἁμαρτημάτων,crimes,125
2706,102429615,",",",",125
2707,102429616,ἧττον,less,125
2708,102429617,εἰς,against,125
2709,102429618,τοὺς,the,125
2710,102429619,ἄλλους,others,125
2711,102429620,ἐξαμαρτήσονται,will sin,125
2712,102429621,",",",",125
2713,102429622,ἐὰν,if,125
2714,102429623,καὶ,and,125
2715,102429624,ὑμᾶς,you,125
2716,102429625,ὁρῶσι,see,125
2717,102429626,τὴν,the,125
2718,102429627,αὐτὴν,the same,125
2719,102429628,γνώμην,opinion,125
2720,102429629,ἔχοντας,having,125
2721,102429630,.,.,125
2722,102429631,εἰ,if,126
2723,102429632,δὲ,and,126
2724,102429633,μή,not,126
2725,102429634,",",",",126
2726,102429635,πολὺ,much,126
2727,102429636,κάλλιον,better,126
2728,102429637,τοὺς,the,126
2729,102429638,μὲν,indeed,126
2730,102429639,κειμένους,established,126
2731,102429640,νόμους,laws,126
2732,102429641,ἐξαλεῖψαι,to erase,126
2733,102429642,",",",",126
2734,102429643,ἑτέρους,other,126
2735,102429644,δὲ,and,126
2736,102429645,θεῖναι,to enact,126
2737,102429646,",",",",126
2738,102429647,οἵτινες,those who,126
2739,102429648,τοὺς,the,126
2740,102429649,μὲν,on the one hand,126
2741,102429650,φυλάττοντας,guarding,126
2742,102429651,τὰς,the,126
2743,102429652,ἑαυτῶν,their own,126
2744,102429653,γυναῖκας,wives,126
2745,102429654,ταῖς,the,126
2746,102429655,ζημίαις,punishments,126
2747,102429656,ζημιώσουσι,will punish,126
2748,102429657,",",",",126
2749,102429658,τοῖς,to,126
2750,102429659,δὲ,and,126
2751,102429660,βουλομένοις,those wishing,126
2752,102429661,εἰς,into,126
2753,102429662,αὐτὰς,them,126
2754,102429663,ἁμαρτάνειν,to sin,126
2755,102429664,πολλὴν,much,126
2756,102429665,ἄδειαν,license,126
2757,102429666,ποιήσουσι,will make,126
2758,102429667,.,.,126
2759,102429668,πολὺ,much,127
2760,102429669,γὰρ,for,127
2761,102429670,οὕτω,thus,127
2762,102429671,δικαιότερον,more just,127
2763,102429672,ἢ,than,127
2764,102429673,ὑπὸ,by,127
2765,102429674,τῶν,of the,127
2766,102429675,νόμων,laws,127
2767,102429676,τοὺς,the,127
2768,102429677,πολίτας,citizens,127
2769,102429678,ἐνεδρεύεσθαι,to lie in wait,127
2770,102429679,",",",",127
2771,102429680,οἳ,those,127
2772,102429681,κελεύουσι,order,127
2773,102429682,μέν,indeed,127
2774,102429683,",",",",127
2775,102429684,ἐάν,if,127
2776,102429685,τις,anyone,127
2777,102429686,μοιχὸν,adulterer,127
2778,102429687,λάβῃ,catch,127
2779,102429688,",",",",127
2780,102429689,ὅ,whatever,127
2781,102429690,τι,whatever,127
2782,102429691,ἂν,any,127
2783,102429692,οὖν,then,127
2784,102429693,βούληται,wishes,127
2785,102429694,χρῆσθαι,to use,127
2786,102429695,",",",",127
2787,102429696,οἱ,those,127
2788,102429697,δ’,but,127
2789,102429698,ἀγῶνες,trials,127
2790,102429699,δεινότεροι,more dangerous,127
2791,102429700,τοῖς,to the,127
2792,102429701,ἀδικουμένοις,wronged,127
2793,102429702,καθεστήκασιν,have been established,127
2794,102429703,ἢ,than,127
2795,102429704,τοῖς,the,127
2796,102429705,παρὰ,against,127
2797,102429706,τοὺς,the,127
2798,102429707,νόμους,laws,127
2799,102429708,τὰς,the,127
2800,102429709,ἀλλοτρίας,another's,127
2801,102429710,καταισχύνουσι,dishonor,127
2802,102429711,γυναῖκας,women,127
2803,102429712,.,.,127
2804,102429713,ἐγὼ,I,128
2805,102429714,γὰρ,for,128
2806,102429715,νῦν,now,128
2807,102429716,καὶ,and,128
2808,102429717,περὶ,about,128
2809,102429718,τοῦ,of the,128
2810,102429719,σώματος,body,128
2811,102429720,καὶ,and,128
2812,102429721,περὶ,about,128
2813,102429722,τῶν,the,128
2814,102429723,χρημάτων,property,128
2815,102429724,καὶ,and,128
2816,102429725,περὶ,concerning,128
2817,102429726,τῶν,of the,128
2818,102429727,ἄλλων,other,128
2819,102429728,ἁπάντων,all,128
2820,102429729,κινδυνεύω,I am in danger,128
2821,102429730,",",",",128
2822,102429731,ὅτι,because,128
2823,102429732,τοῖς,the,128
2824,102429733,τῆς,of the,128
2825,102429734,πόλεως,of the city,128
2826,102429735,νόμοις,laws,128
2827,102429736,ἐπειθόμην,I obeyed,128
2828,102429737,.,.,128
